ASIC1	ACCN2
BCL6	ZNF51
RHEB	RHEB2
RHO	RP4
GRK1	RHOK
RIT2	RIN
RIT1	RIT
RNASE2	RNS2
RNASEL	RNS4
RNASEL	PRCA1
RNF17	TDRD4
TRIM3	RNF22
PCGF3	RNF3
TRIM10	RNF9
RNH1	RNH
ASIC3	ACCN3
OPN1SW	BCP
BCR	D22S11
BCR	BCR1
CNNM1	ACDP1
PHAX	RNUXA
ROR1	NTRKR1
ROR2	NTRKR2
ROR2	BDB
ROR2	BDB1
BDH1	BDH
RPE65	RP20
RPGR	CRD
RPGR	RP3
RPGR	RP15
RPGR	COD1
CNNM2	ACDP2
RPL13A	TSTA1
MRPL23	RPL23L
RPL36A	RPL44
RPL6	TXREB1
CFB	BFD
CFB	BF
MRPL12	RPML12
MRPL3	RPML3
RPS17	RPS17L
RPS19	LOH19CR1
RPS3A	MFTL
RPS6KA3	MRX19
RPS6KA3	CLS
RPS6KB1	STK14A
CNOT9	RQCD1
RRM2	C2orf48
RS1	RS
CLIP1	RSN
RTN1	NSP
RTN2	SPG12
RUNX1	AML1
RUNX1	CBFA2
RUNX2	CCD
RUNX2	CBFA1
RUNX2	CCD1
RUNX3	CBFA3
RYK	JTK5A
RYR1	MHS
RYR1	MHS1
RYR1	CCO
RYR2	ARVD2
S100A1	S100A
S100A2	S100L
S100A3	S100E
S100A4	MTS1
S100A4	CAPL
S100A6	CACY
S100A9	CAGB
S100A9	CFAG
CNNM4	ACDP4
SAA1	SAA
VPS52	SACM2L
BIN1	AMPHL
SALL1	TBS
SAR1B	SARA2
SARDH	DMGDHL1
SARS1	SARS
SAT1	SAT
MSMO1	SC4MOL
SC5D	SC5DL
ATXN1	SCA1
ATXN10	SCA10
ATXN2	SCA2
ATXN2	TNRC13
ATXN7	SCA7
SERPINB3	SCC
SERPINB3	SCCA1
SERPINB4	SCCA2
SCD	SCDOS
CLEC11A	SCGF
SCN11A	SCN12A
SCN1A	SCN1
SCN1A	FEB3
SCN2A	SCN2A1
SCN2A	SCN2A2
SCN4A	HYKPP
SCN5A	CMD1E
SCN7A	SCN6A
SCN8A	MED
SCNN1A	SCNN1
CXCR5	BLR1
SCO1	SCOD1
SCO2	MYP6
CCL11	SCYA11
CCL17	SCYA17
CCL20	SCYA20
BLVRA	BLVR
CCL21	SCYA21
CCL22	SCYA22
CCL23	SCYA23
CCL25	SCYA25
CCL26	SCYA26
CCL27	SCYA27
BLVRB	FLR
CCL8	SCYA8
CXCL10	INP10
CXCL10	SCYB10
CXCL6	SCYB6
XCL1	LTN
XCL1	SCYC1
CX3CL1	SCYD1
AIMP1	SCYE1
SDC1	SDC
BMI1	PCGF4
NEMF	SDCCAG1
CWC27	SDCCAG10
UTP14A	SDCCAG16
STARD10	SDCCAG28
NOXA1	SDCCAG31
TSHZ1	SDCCAG33
BMP1	PCOLC
CXCL12	SDF1A
CXCL12	SDF1B
CXCL12	SDF1
SDHA	SDH2
SDHB	SDH1
SDHB	SDH
SDHC	PGL3
SDHD	PGL
SDHD	PGL1
BMP2	BMP2A
CAVIN2	SDPR
SEC14L1	SEC14L
SEC14L2	C22orf6
SEC23B	CDAN2
BMP4	BMP2B
SELE	ELAM1
SELE	ELAM
SELL	LYAM1
SELL	LNHR
SELP	GRMP
SEMA3A	SEMAD
SEMA3B	SEMAA
SEMA3C	SEMAE
SEMA3E	SEMAH
SEMA4A	SEMAB
BMP6	VGR
SEMA4D	SEMAJ
SEMA4D	C9orf164
SEMA5A	SEMAF
SEMA5B	SEMAG
SEMA6A	SEMAQ
SEMA6B	SEMAN
SEMA7A	SEMAL
BMP8B	BMP8
SEPTIN3	SEP3
SEPTIN3	SEPT3
SELENOP	SEPP1
BMPR1A	ACVRLK3
BMPR2	PPH1
SRSF1	SFRS1
SRSF2	SFRS2
SCAF11	SFRS2IP
SCAF11	SRSF2IP
SRSF6	SFRS6
SRSF9	SFRS9
SFTPA1	SFTP1
ACHE	YT
SFTPB	SFTP3
SFTPC	SFTP2
SFTPD	SFTP4
SGCA	ADL
SGCB	LGMD2E
SGCE	DYT11
SGCG	DMDA1
SGCG	MAM
SGCG	LGMD2C
BNC1	BNC
SGK1	SGK
SCG5	SGNE1
SGTA	SGT
SH2D1A	IMD5
SH2D1A	LYP
SEM1	SHFD1
SEM1	SHFM1
SEM1	C7orf76
FBXW4	SHFM3
SHH	HPE3
SHH	HLP3
SHMT2	SHMT
ST3GAL1	SIAT4A
ST3GAL2	SIAT4B
ST3GAL4	CGS23
ST3GAL4	SIAT4
ST3GAL4	NANTA3
ST3GAL4	SIAT4C
ST3GAL3	SIAT6
ST3GAL3	MRT12
ST8SIA2	SIAT8B
ST3GAL5	SIAT9
SIGLEC5	CD33L2
SIGLEC6	CD33L
SIGLEC6	CD33L1
SIGLEC7	SIGLEC19P
SIGLEC7	SIGLECP2
PMEL	SILV
SIM2	SIM
SIRT2	SIR2L
SIX1	DFNA23
SIX3	HPE2
SIX5	DMAHP
SIX6	OPTX2
PRMT5	HRMT1L5
PRMT5	SKB1
SKIV2L	SKIV2
SKP1	SKP1A
DST	BPAG1
SLAMF1	SLAM
SLC10A2	ASBT
SLC10A2	ISBT
SLC11A1	LSH
SLC11A1	NRAMP
SLC11A1	NRAMP1
SLC11A2	NRAMP2
SLC40A1	SLC11A3
SLC12A6	KCC3
SLC12A6	ACCPN
SLC14A1	JK
FOXL2	BPES
SLC16A2	DXS128
SLC16A2	AHDS
SLC16A2	MRX22
SLC17A1	NPT1
SLC17A5	SIASD
SLC18A2	VMAT2
SLC19A2	TRMA
BPHL	MCNAA
SLC1A5	RDRC
SLC1A5	M7V1
SLC20A1	GLVR1
SLC20A2	MLVAR
SLC20A2	GLVR2
SLCO3A1	SLC21A11
SLCO2A1	SLC21A2
SLCO2A1	MATR1
SLCO1A2	SLC21A3
SLCO1B1	SLC21A6
SLCO1B3	SLC21A8
SLCO2B1	SLC21A9
SLC22A18	ORCTL2
SLC22A18	BWSCR1A
SLC22A18	IMPT1
SLC22A18	SLC22A1L
SLC22A4	DFNB60
SLC22A5	CDSP
SLC25A1	SLC20A3
SLC25A10	DIC
SLC25A11	SLC20A4
SLC25A13	CTLN2
SLC25A15	ORNT1
SLC25A15	HHH
SLC25A3	PHC
SLC25A4	PEO3
SLC25A4	PEO2
SLC25A4	ANT1
SLC25A6	ANT3
SLC26A2	DTD
SLC27A2	FACVL1
SLC29A1	ENT1
SLC2A1	GLUT1
SLC2A1	GLUT
SLC2A1	HTLVR
SLC2A1	CSE
SLC2A2	GLUT2
SLC2A3	GLUT3
SLC2A4	GLUT4
BRCA2	FANCD1
SLC2A5	GLUT5
SLC30A2	ZNT2
SLC30A3	ZNT3
SLC31A1	COPT1
SLC32A1	VIAAT
SLC34A1	NPT2
SLC34A1	SLC17A2
SLC35A2	UGALT
SLC3A2	MDU1
SLC4A1	EPB3
SLC4A1	AE1
SLC4A1	DI
SLC4A1	WD
SLC4A2	EPB3L1
SLC4A2	AE2
BRD2	BRD2-IT1
SLC5A1	SGLT1
SLC5A2	SGLT2
SLC6A3	DAT1
SLC7A1	ERR
SLC7A1	ATRC1
BABAM2	BRE
SLC7A2	ATRC2
SLC7A7	LPI
SLC7A9	CSNU3
SLC8A1	NCX1
SLC9A1	APNH
SLC9A1	NHE1
SLC9A2	NHE2
SLC9A3	NHE3
SLIT1	SLIL1
SLIT2	SLIL3
SLIT3	SLIL2
SNAI2	SLUG
SMARCA1	SNF2L1
SMARCA1	SNF2L
SMARCA2	SNF2L2
HLTF	SNF2L3
HLTF	SMARCA3
SMARCA4	SNF2L4
SMARCB1	SNF5L1
ARID1A	C1orf4
ARID1A	SMARCF1
SMC1A	SMC1L1
SMC1B	SMC1L2
KDM5C	SMCX
KDM5C	JARID1C
KDM5C	MRX13
SMN1	SMA@
SMN1	SMA
SMO	SMOH
NCAPH	BRRN1
SMPX	DFN6
SMS	SRS
SUMO3	SMT3H1
SIGLEC1	SN
SNAP25	SNAP
SNCA	PARK1
SNCA	PARK4
SIK1	SNF1LK
SNRPB	SNRPB1
BSG	OK
SNRPN	PWCR
SNTA1	SNT1
SNTB1	SNT2B1
BSN	ZNF231
SOAT1	SOAT
SOAT1	STAT
SOD1	ALS
SOD1	ALS1
CAPN15	SOLH
SON	C21orf50
SORL1	C11orf32
SOS1	GINGF
SOX12	SOX22
SOX3	PHP
SOX9	CMD1
SOX9	CMPD1
SPARC	ON
SPG11	KIAA1840
SPG11	ALS5
ATL1	SPG3
ATL1	SPG3A
SPAST	SPG4
SPG7	CMAR
SPOCK1	TIC1
SPOCK1	SPOCK
SPP1	BNSP
SPP1	OPN
SPTBN2	SCA5
SPTLC1	HSN1
SQSTM1	PDB3
SQSTM1	OSIL
SRC	SRC1
SRMS	C20orf148
TRIM21	SSA1
RO60	SSA2
RO60	TROVE2
ABI1	SSH3BP1
SSPN	KRAG
ZNRD2	SSSCA1
BTK	AGMX1
BTK	IMD1
ST14	PRSS14
RECK	ST15
IL24	ST16
BTN1A1	BTN
DENND2B	ST5
ST7	FAM4A1
STAT5A	STAT5
STAU1	STAU
SULT1E1	STE
STEAP1	STEAP
AURKB	STK12
AURKC	STK13
AURKA	STK15
AURKA	STK6
PLK4	STK18
NEK4	STK2
SRPK3	STK23
BRSK2	C11orf7
BRSK2	STK29
CDKL5	STK9
STS	ARSC1
STX1A	STX1
STX3	STX3A
STX5	STX5A
RIOK3	SUDD
SULT1A1	STP
SULT1A1	STP1
SULT1C2	SULT1C1
SULT2A1	STD
SUV39H1	SUV39H
BUB1	BUB1L
VAMP7	SYBL1
SYN1	MRX50
SYT1	SYT
SYT1	SVP65
TBXT	T
TAC1	TAC2
TAC1	NKNA
TAC3	NKNB
TACR1	TAC1R
TACR2	TAC2R
TACR2	NKNAR
EPCAM	M4S1
EPCAM	MIC18
EPCAM	TACSTD1
TACSTD2	M1S1
TAF1	BA2R
TAF1	CCG1
TAF1	CCGS
TAF1	DYT3
TAF2	TAF2B
TAF4	TAF4A
TAF4	TAF2C1
TAF4	TAF2C
TAF4B	TAF2C2
TAF5	TAF2D
TAF6	TAF2E
TAF10	TAF2H
TAF13	TAF2K
TAF15	TAF2N
TAF7L	TAF2Q
BRF1	TAF3B2
BRF1	TAF3C
BRF1	GTF3B
TAL1	TCL5
TARS1	TARS
TAZ	CMD3A
TAZ	EFE2
TAZ	EFE
TSPO	BZRP
TBCE	KCS
TBCE	HRD
SERPINA7	TBG
TBL1X	TBL1
TBP	GTF2D1
TBP	SCA17
TBX1	VCF
TBX10	TBX7
TBX15	TBX14
TWNK	IOSCA
TWNK	C10orf2
TBX22	CPX
TBX22	CLPA
TBX3	UMS
TBX5	HOS
CEP55	C10orf3
TCAP	LGMD2G
ELOC	TCEB1
ELOA	TCEB3
HNF1A	MODY3
HNF1A	TCF1
ZNF354A	TCF17
HNF1B	TCF2
ZEB1	TCF8
ZEB1	PPCD3
MLX	TCFL4
DAGLA	C11orf11
RASSF7	C11orf13
DYNLT3	TCTE1L
ACO1	IREB1
AKIP1	C11orf17
ELP4	C11orf19
TEAD1	TCF13
TEAD1	AA
VPS51	C11orf3
VPS51	C11orf2
TECTA	DFNA12
TECTA	DFNA8
TECTA	DFNB21
TMBIM6	TEGT
TEK	VMCM
TERF1	TRBF1
TERF2	TRBF2
TFAM	TCF6
TFAM	TCF6L2
TFAP2A	TFAP2
TFAP2A	AP2TF
TFF1	BCEI
TFF2	SML1
TFPI	LACI
TGFB1	TGFB
TGFB1	DPD1
TGFB3	ARVD1
TGFB3	ARVD
ZNHIT2	C11orf5
TGFBI	CSD3
TGFBI	LCD1
TGFBI	CSD1
TGFBI	CSD2
TGFBR1	MSSE
TGFBR1	ESS1
TGFBR2	MFS2
TGIF1	HPE4
TGIF1	TGIF
TGM1	ICR2
TCHH	THH
THPO	MGDF
THRA	THRA1
THRA	THRA2
THRA	ERBA1
THRB	ERBA2
THRB	PRTH
THRSP	LPGP1
TIE1	TIE
MYRF	C11orf9
KLF11	TIEG2
TRIM24	TIF1
TIMM13	TIMM13B
TIMM8A	DFN1
TIMP1	TIMP
TIMP1	CLGI
NKX2-1	NKX2A
NKX2-1	BCH
NKX2-1	TITF1
TJP2	DFNA51
ANO2	C12orf3
ANO2	TMEM16B
TLN1	TLN
SEC62	TLOC1
TLR5	SLEB1
TSPAN7	MXS1
TSPAN7	TM4SF2
TSPAN7	MRX58
TSPAN8	TM4SF3
TSPAN6	TM4SF6
TRAPPC10	TMEM1
CEMIP2	TMEM2
TMPRSS3	DFNB10
TMPRSS3	DFNB8
AHSA1	C14orf3
TNF	TNFA
NPAP1	C15orf2
TNFRSF11A	PDB2
TNFRSF11A	LOH18CR1
TNFRSF11B	OPG
TNFRSF25	TNFRSF12
TNFRSF17	BCMA
TNFRSF1A	TNFR1
TNFRSF1B	TNFR2
TNFRSF4	TXGP1L
CD40	TNFRSF5
MRPL46	C15orf4
FAS	FAS1
FAS	APT1
FAS	TNFRSF6
CD27	TNFRSF7
TNFRSF8	CD30
TNFRSF8	D1S166E
TNFRSF9	ILA
TNFSF13B	TNFSF20
TNFSF4	TXGP1
CD40LG	HIGM1
CD40LG	IMD3
CD40LG	TNFSF5
FASLG	APT1LG1
FASLG	TNFSF6
CD70	CD27LG
CD70	TNFSF7
TNNC1	TNNC
TNNI2	AMCD2B
TNNI3	CMD2A
TNNT2	CMH2
TNNT2	CMD1D
MED12	TNRC11
MED12	FGS1
EP400	TNRC12
GIGYF2	PERQ2
GIGYF2	PERQ3
GIGYF2	TNRC15
GIGYF2	PARK11
BHLHE22	TNRC20
BHLHE22	BHLHB5
CELF3	TNRC4
CNPY3	TNRC5
TNRC6A	TNRC6
TOX3	TNRC9
TNS1	TNS
TNS1	MXRA6
TNXB	TNXB1
TNXB	TNXB2
TOB2	TROB2
TOMM70	TOMM70A
TOP2A	TOP2
TOP3A	TOP3
TPH1	TPRH
TPH1	TPH
TPM1	C15orf13
TPM1	CMH3
TPM2	AMCD1
TPM3	NEM1
CRISP2	GAPDL5
CRISP2	TPX1
HSP90B1	TRA1
FBXW10	C17orf1
FBXW10	C17orf1A
FMNL1	C17orf1B
FMNL1	FMNL
GIPC1	C19orf3
GIPC1	RGS19IP1
TREX1	AGS1
SERPING1	C1NH
CRNN	C1orf10
TRIP10	STOT
ZNHIT3	TRIP3
JMJD1C	TRIP8
EGLN1	C1orf12
TRPC6	FSGS2
TRPM2	TRPC7
TSC1	TSC
TSC2	TSC4
UBQLN4	C1orf6
CEP41	TSGA14
RSPH1	TSGA2
TSPY1	TSPY
TSPYL1	TSPYL
EIPR1	TSSC1
TMEM59	C1orf8
MYOT	TTID
MYOT	LGMD1A
MYOT	LGMD1
SUCO	C1orf9
TTN	CMD1G
TTPA	AVED
TTR	PALB
TTR	CTS1
TUBA4A	TUBA1
TUBA8	TUBAL2
TUBG1	TUBG
TULP1	RP14
TWIST1	ACS3
TWIST1	BPES3
TWIST1	TWIST
TWIST1	CRS
C1QBP	HABP1
TXNL1	TXNL
TYMS	TS
TYRO3	RSE
TYROBP	PLOSL
C1QC	C1QG
TYRP1	TYRP
TYRP1	CAS2
U2AF1	U2AFBP
UAP1	SPAG2
UBAP1	UBAP
UBA1	A1S9T
UBA1	GXP1
UBA1	UBE1
UBA7	UBE1L
TPX2	C20orf2
TPX2	C20orf1
UBE2V1	UBE2V
UBE3A	EPVE6AP
UBE3A	HPVE6A
ACP3	ACPP
SUMO1	UBL1
UBL4A	UBL4
UCHL1	PARK5
UCP1	UCP
UCP2	BMIQ4
UFD1	UFD1L
SCGB1A1	UGB
FAM3B	C21orf11
UGT1A1	UGT1
UGT1A1	GNT1
UGT8	CGT
UNC13B	UNC13
UNG	DGU
UPP1	UP
UPK3A	UPK3
UQCRB	UQBP
USH1C	DFNB18
CFAP410	C21orf2
USH2A	USH2
CLRN1	USH3
CLRN1	USH3A
CLRN1	RP61
USP4	UNP
USP6	HRP1
USP6	TRESMCR
USP7	HAUSP
UTRN	DMDL
KDM6A	UTX
VAMP1	SYB1
VAV1	VAV
C2CD2	C21orf25
TSPEAR	C21orf29
TSPEAR	DFNB98
VEGFA	VEGF
VEGFB	VRF
VIL1	VIL
EZR	VIL2
BEST1	VMD2
TRPV1	VR1
VSX1	PPCD
VWF	F8VWF
WARS1	IFI53
WARS1	WARS
GATD3A	C21orf33
WAS	IMD2
WAS	THC
WIPF1	WASPIP
MLXIPL	WBSCR14
BRWD1	C21orf107
BRWD1	WDR9
WFS1	DFNA6
WFS1	DFNA14
WFS1	DFNA38
FOXN1	WHN
FOXN1	RONU
NSD2	WHSC1
NSD3	WHSC1L1
NELFA	WHSC2
CCN4	WISP1-OT1
CCN4	WISP1-UT1
CCN4	WISP1
CCN5	WISP2
CCN6	WISP3
WNT1	INT1
WNT9A	WNT14
WNT9B	WNT15
WNT2	INT1L1
WNT2B	WNT13
WNT3	INT4
WT1	GUD
XBP1	XBP2
XG	PBDX
XK	NA
XK	NAC
XRCC1	RCC
YARS1	YARS
YWHAB	YWHAA
YWHAZ	YWHAD
ZAP70	SRK
MIS18A	C21orf46
MIS18A	C21orf45
ZKSCAN5	ZFP95
ZIC3	HTX1
ZNF106	ZFP106
ZNF107	ZNF588
ZNF112	ZFP112
ZNF112	ZNF228
ACTA1	ACTA
DOP1B	C21orf5
DOP1B	DOPEY2
ZNF133	ZNF150
ZNF135	ZNF61
ZNF135	ZNF78L1
ZNF141	D4S90
PCGF2	ZNF144
PCGF2	RNF110
ZBTB16	ZNF145
TRIM25	ZNF147
ZBTB17	ZNF151
ZBTB17	ZNF60
VEZF1	ZNF161
RNF112	ZNF179
DNAJC28	C21orf55
RNF113A	ZNF183
SPATC1L	C21orf56
ZMYM2	ZNF198
YBEY	C21orf57
ZSCAN10	ZNF206
CFAP298	C21orf48
CFAP298	C21orf59
TSHZ2	C20orf17
TSHZ2	ZNF218
KAT6A	ZNF220
KAT6A	RUNXBP2
KAT6A	MYST3
ZNF224	ZNF255
ZNF224	ZNF27
ZMYM5	ZNF237
ZBTB18	ZNF238
MRAP	C21orf61
ZMYM6	ZNF258
ZPR1	ZNF259
ZMYM3	ZNF261
CBY1	C22orf2
CBY1	PGEA1
ZNF277	ZNF277P
PATZ1	ZNF278
RHBDD3	C22orf3
SCAPER	ZNF291
LTN1	C21orf98
LTN1	C21orf10
LTN1	ZNF294
LTN1	RNF160
TBC1D22A	C22orf4
ZNF33B	ZNF11B
ZKSCAN1	ZNF139
ZKSCAN1	ZNF36
MZF1	ZNF42
ZNF44	ZNF58
ZNF44	ZNF55
ZNF48	ZNF553
TTLL1	C22orf7
ZNF711	ZNF6
ZNF711	MRX65
ZNF75D	ZNF82
ZNF75D	ZNF75
ZNF81	MRX45
ZNF83	ZNF816B
EML4	C2orf2
ZNF93	ZNF505
GCFC2	TCF9
GCFC2	C2orf3
ZNF99	C19orf9
IKZF1	ZNFN1A1
IKZF2	ZNFN1A2
IKZF3	ZNFN1A3
ZFYVE1	ZNFN2A1
ZP3	ZP3A
ZP3	ZP3B
STRADB	ALS2CR2
TRAK2	ALS2CR3
TIMMDC1	C3orf1
ARL6	BBS3
ATP2C1	BCPM
BCL11A	EVI9
BCL11B	ZNF856B
RASSF8	C12orf2
ANP32A	C15orf1
URI1	C19orf2
TMEM59L	C19orf4
EVA1C	C21orf64
EVA1C	C21orf63
EVA1C	FAM176C
LMBR1	C7orf2
CDH22	C20orf25
CKLF	CKLF1
FTSJ1	MRX9
FTSJ1	MRX44
CLEC4A	CLECSF6
CLEC4C	CLECSF11
CLEC4C	CLECSF7
ERO1A	ERO1L
ESPN	DFNB36
SLC30A9	C4orf1
LGR4	GPR48
MYOZ2	C4orf5
GSDMA	GSDM
GSDMA	GSDM1
HDAC8	HDACL1
HDAC8	WTS
HDAC8	MRXS6
RTL6	LDOC1L
FAM53C	C5orf6
KDM3B	C5orf7
KDM3B	JMJD1B
C5AR1	C5R1
NIF3L1	ALS2CR1
TSPAN32	TSSC6
TSPAN32	PHEMX
PRUNE1	PRUNE
RLIM	RNF12
TRAF3IP2	C6orf4
TRAF3IP2	C6orf5
TRAF3IP2	C6orf6
TRAF3IP2	C6orf2
TRIM17	RNF16
RNF19A	RNF19
ROBO3	HGPPS
RPGRIP1	RPGRIP
SLITRK2	SLITL1
SLITRK2	TMEM257
SLITRK2	CXorf1
SAMD9	C7orf5
SAMD9L	C7orf6
ZNF253	ZNF411
ASZ1	C7orf7
ASZ1	ANKL1
ZBTB20	ZNF288
FEZF2	ZNF312
TLNRD1	MESDC1
MESD	MESDC2
PTTG1IP	C21orf3
PTTG1IP	C21orf1
VPS9D1	C16orf7
B3GNT3	TMEM3
RXYLT1	TMEM5
MARK4	MARKL1
ATP10A	ATP10C
VN1R1	VNR19I1
OSGIN2	C8orf1
IFT122	WDR10
ERLIN2	C8orf2
ERLIN2	SPFH2
ERLIN2	SPG18
PAXBP1	C21orf66
PAXBP1	GCFC1
FBXW8	FBXO29
FBXL3	FBXL3A
KDM2A	FBXL11
FBXW11	FBXW1B
AOPEP	C9orf3
KDM2B	FBXL10
FBXL17	FBXO13
FRRS1L	C9orf4
FBH1	FBXO18
TMEM245	C9orf5
ADIPOQ	ACDC
BDP1	TFNR
BDP1	TAF3B1
SCUBE3	CEGF3
ADAMTS13	C9orf8
MPP4	DLG6
DCHS1	CDH25
DCHS1	PCDH16
IL22RA1	IL22R
MAK16	RBM13
TMEM187	CXorf12
GPR182	ADMR
KMT2C	MLL3
CDH23	DFNB12
CDH23	USH1D
BRINP2	FAM5B
CA4	RP17
RBPJL	RBPSUHL
RELT	TNFRSF19L
IL25	IL17E
CA5A	CA5
BCO1	BCDO
BCO1	BCDO1
BCO1	BCMO1
ATP12A	ATP1AL1
SLCO1C1	SLC21A14
CA8	CALS
MMS19	MMS19L
WDR11	BRWD2
ADGRA1	GPR123
ADGRA3	GPR125
ADGRG6	GPR126
CABP2	DFNB93
NUDT21	CPSF5
RIPOR2	C6orf32
RIPOR2	FAM65B
FOXP2	TNRC10
FOXP2	SPCH1
CACNA1A	CACNL1A4
CACNA1A	SCA6
CACNA1A	MHP1
CACNA1A	MHP
CACNA1B	CACNL1A5
CACNA1C	CCHL1A1
CACNA1C	CACNL1A1
DMRT3	DMRTA3
CACNA1D	CCHL1A2
CACNA1D	CACNL1A2
DDX39B	BAT1
BAG6	BAT3
CACNA1E	CACNL1A6
CACNA1F	CSNB2
CACNA1F	AIED
CCHCR1	C6orf18
LY6G5B	C6orf19
LY6G6F	LY6G6D
LY6G6F	C6orf21
LY6G6C	C6orf24
MPIG6B	C6orf25
SLC44A4	C6orf29
GPSM3	C6orf9
CACNA1S	HOKPP
CACNA1S	MHS5
CACNA1S	CACNL1A3
NELFE	RDBP
CACNA2D1	CACNL2A
CACNA2D1	CACNA2
CACNA2D1	MHS3
CACNA2D1	LINC01112
PRDM9	MSBP3
ANO3	C11orf25
ANO3	TMEM16C
TRPV6	ECAC2
OPN3	ECPN
CACNB1	CACNLB1
SMC2	SMC2L1
SMC4	SMC4L1
CELF4	BRUNOL4
CACNB2	MYSB
CACNB2	CACNLB2
CACNB3	CACNLB3
CELF5	BRUNOL5
CELF6	BRUNOL6
REV1	REV1L
HDAC4	BDMR
HDAC7	HDAC7A
ATP1A4	ATP1AL2
CERS2	LASS2
ZSCAN31	ZNF310P
ZSCAN31	ZNF323
CNOT7	CAF1
XPO7	RANBP16
NPRL3	C16orf35
EHMT2	C6orf30
EHMT2	BAT8
MSRB1	SEPX1
CCDC78	C16orf25
LMF1	C16orf26
LMF1	TMEM112
FAM234A	C16orf9
FAM234A	ITFG3
RPUSD1	C16orf40
CIAO3	NARFL
PDIA2	PDIP
JPH3	TNRC22
SLC25A20	CACT
SUN2	UNC84B
NSD1	STO
RSPH6A	RSHL1
MED15	TNRC7
MED15	PCQAP
NOCT	CCRN4L
PCDH19	EFMR
IRF2BPL	C14orf4
NLGN4X	NLGN4
SHANK2	CORTBP1
LPAR3	EDG7
S1PR5	EDG8
ACTC1	ACTC
CSRNP1	AXUD1
XIRP1	CMYA1
XIRP2	CMYA3
UNC45B	CMYA4
CMYA5	C5orf10
IFT81	CDV1
MRTFA	MKL1
CALB1	CALB
HTRA2	PRSS25
ERO1B	ERO1LB
CALCA	CALC1
SCYL1	NTKL
GLMN	VMGLOM
NLRP1	NALP1
NLRP1	SLEV1
ACP4	ACPT
NHP2	NOLA2
NOP10	NOLA3
CDRT1	FBXW10P1
ACTG1	ACTG
ACTG1	DFNA20
ACTG1	DFNA26
SLC25A19	MCPHA
ELOVL4	STGD2
ELOVL4	STGD3
ELOVL4	SCA34
CALM1	CALML2
TMEM237	ALS2CR4
CARF	ALS2CR8
RAPH1	ALS2CR9
RAPH1	ALS2CR18
C2CD6	ALS2CR11
PARD3B	ALS2CR19
TAS1R1	GPR70
LPIN3	LIPN3L
MACROH2A2	H2AFY2
SLC39A11	C17orf26
MRPL28	MAAT1
ACTG2	ACTL3
ACTG2	ACTA3
MIOX	ALDRL6
RNF213	C17orf27
RNF213	KIAA1618
RNF213	MYMY2
WNK1	PRKWNK1
WNK1	HSN2
WNK2	SDCCAG43
WNK2	PRKWNK2
WNK3	PRKWNK3
WNK4	PRKWNK4
CDHR1	PCDH21
CLEC4D	CLECSF8
CLEC7A	CLECSF12
SORBS1	SH3D5
VPS45	VPS45B
VPS45	VPS45A
PINK1	PARK6
IMMP2L	IMMP2L-IT1
CAMK2A	CAMKA
ECI2	PECI
CAMK2B	CAMKB
PAPPA2	PLAC3
CAMK2D	CAMKD
CAMK2G	CAMKG
CRELD1	AVSD2
ADAMTSL1	C9orf94
ABCA12	ICR2B
MMEL1	MMEL2
PCDH15	USH1F
PCDH15	DFNB23
KCTD12	C13orf2
POFUT2	C21orf80
F11R	JAM1
JAM2	C21orf43
OR51B2	OR51B1P
OR2T2	OR2T2P
CAPG	AFCP
CAPN3	LGMD2
CAPN3	LGMD2A
CAPN5	VRNI
COG5	GOLTC1
POLR2M	GRINL1A
ESX1	ESX1L
INTS6	DDX26
ZEB2	ZFHX1B
DNAJB6	LGMD1D
TAS1R2	GPR71
SHPK	CARKL
PLAAT1	HRASLS
CARS1	CARS
ALX1	CART1
PPP1R12C	LENG3
RCC1L	WBSCR16
TAAR8	GPR102
TAAR8	TRAR5
CASK	TNRC8
ASAP3	DDEFL1
CASP1	IL1BC
OR10X1	OR10X1P
OR2W3	OR2W8P
OR2W3	OR2W3P
OR14A16	OR5AT1
CASP2	NEDD2
OR6B2	OR6B2P
OR6B3	OR6B3P
OR2A12	OR2A12P
CASQ1	CASQ
OR10G9	OR10G10P
OR10A4	OR10A4P
CASR	HHC
CASR	HHC1
OR2AG1	OR2AG3
OR4D11	OR4D11P
OR51F1	OR51F1P
CAV1	CAV
MICU1	CBARA1
RUNX1T1	AML1T1
RUNX1T1	CBFA2T1
OR10P1	OR10P1P
OR10P1	OR10P2P
OR10P1	OR10P3P
OR2Z1	OR2Z2
SERPINA6	CBG
CBL	CBL2
PRPF31	RP11
GOLIM4	GOLPH4
GOLM1	GOLPH2
GOLM1	C9orf155
ACBD3	GOLPH1
ACBD3	GOCAP1
MBTPS2	KFSD
P2RX2	DFNA41
SERPINH1	CBP1
SERPINH1	CBP2
SERPINH1	SERPINH2
MANF	ARMET
DYNLRB2	DNCL2B
ADAM33	C20orf153
CBR1	CBR
DIAPH3	AUNA1
SIGLEC12	SIGLECL1
ANKH	CCAL2
ANKH	CMDJ
LILRA6	LILRB6
MBOAT7	LENG4
TSEN34	LENG5
SMYD3	ZNFN3A1
SMYD3	ZMYND1
CBX2	CDCA6
LPAR6	P2RY5
ARID4B	RBP1L1
CHCHD10	C22orf16
IL36RN	IL1F5
IL37	IL1F7
IL36B	IL1F8
QRFPR	GPR103
TRIM8	RNF27
PDE4DIP	CMYA2
TFAP2D	TFAP2BL1
SLC35D3	FRCL1
B3GNT2	B3GNT1
TCERG1	TAF2S
KYAT1	CCBL1
UGGT1	UGCGL1
UGGT2	UGCGL2
ALG9	DIBD1
CTTNBP2	CORTBP2
CTTNBP2	C7orf8
SKAP2	SCAP2
LDB3	CMD1C
LRPPRC	LSFC
MAP1S	C19orf5
MAP1S	VCY2IP1
MAP1S	BPY2IP1
HEBP2	C6orf34
KRIT1	CCM1
HID1	C17orf28
ERMAP	RD
ERMAP	SC
BPIFA1	PLUNC
CPXM1	CPXM
PIGU	CDC91L1
OVOL2	ZNF339
OVOL2	CHED1
GZF1	ZNF336
ACSS2	ACAS2
DHX29	DDX29
RBM38	RNPC1
CCND1	BCL1
CCND1	D11S287E
CCND1	PRAD1
BSCL2	GNG3LG
BSCL2	SPG17
PROKR2	GPR73L1
PROKR2	KAL3
ERBIN	ERBB2IP
PALMD	C1orf11
CD93	MXRA4
CD93	C1QR1
TASP1	C20orf13
PRPF6	C20orf14
SMOX	C20orf16
RBCK1	C20orf18
KIZ	NCRNA00153
KIZ	C20orf19
KIZ	PLK1S1
YTHDF1	C20orf21
ABHD12	C20orf22
KIF16B	C20orf23
TMEM230	C20orf30
EDEM2	C20orf49
EDEM2	C20orf31
CASS4	C20orf32
CTNNBL1	C20orf33
CDK5RAP1	C20orf34
AAR2	C20orf4
RTEL1	C20orf41
FERMT1	C20orf42
PANK2	C20orf48
PANK2	NBIA1
ESF1	C20orf6
NDUFAF5	C20orf7
DEFB126	C20orf8
IFT52	C20orf9
KAT14	CSRP2BP
L3MBTL1	L3MBTL
NOP56	NOL5A
PAK5	PAK7
REM1	REM
ERGIC3	SDBCAG84
ERGIC3	C20orf47
NELFCD	TH1L
ZHX3	TIX1
UCKL1	URKL1
CELA3B	ELA3B
GDAP1	CMT4A
TSG101	TSG10
SASH3	CXorf9
TP63	TP73L
TP63	TP53L
TP63	TP53CP
APTX	AXA1
LIN28A	LIN28
GLRX3	TXNL2
SERPINA3	AACT
ACTL6B	ACTL6
SUGCT	C7orf10
MPLKIP	C7orf11
TRIM63	RNF28
TRIM54	RNF30
MOB1A	C2orf6
MOB1A	MOBK1B
MOB1A	MOBKL1B
CCR1	SCYAR1
CCR1	CMKBR1
IL33	C9orf26
CCR2	CMKBR2
STRC	DFNB16
CFAP52	WDR16
SLC46A2	TSCOT
NLN	AGTBP
CCR5	CMKBR5
CRTC1	MECT1
ACER3	PHCA
PCNT	PCNT2
CCR6	STRL22
CCR7	CMKBR7
CCR7	EBI1
ZBTB46	ZNF340
ZBTB46	BTBD4
TOX2	C20orf100
PHF20	C20orf104
CCR9	GPR28
BPIFB1	C20orf114
DDRGK1	C20orf116
SOGA1	C20orf117
SOGA1	KIAA0889
TLDC2	C20orf118
FAM83C	C20orf128
EMILIN3	C20orf130
EMILIN3	EMILIN5
MACROD2	C20orf133
WFDC13	C20orf138
TBC1D20	C20orf140
FITM2	C20orf142
MCM8	C20orf154
CRLS1	C20orf155
CCT3	TRIC5
DSN1	C20orf172
ZNF831	C20orf174
RIPOR3	C20orf175
RIPOR3	C20orf176
RIPOR3	FAM65C
CHMP4B	C20orf178
RSPO4	C20orf182
ZBP1	C20orf183
RIMS4	C20orf190
SLC52A3	C20orf54
FAM110A	C20orf55
SLC17A9	C20orf59
HSPA12B	C20orf60
TP53RK	C20orf64
BPIFA2	C20orf70
MGME1	C20orf72
RALGAPA2	C20orf74
COMMD7	C20orf92
TRIB3	C20orf97
NRSN2	C20orf98
CCT8	C21orf112
COX4I2	COX4L2
DNAJC5	CLN4
SUN5	SPAG4L
SPTLC3	C20orf38
SPTLC3	SPTLC2L
TGM6	TGM3L
SMYD5	RAI15
MAML3	TNRC3
NFU1	HIRIP5
GALNT17	WBSCR17
MRM2	FTSJ2
WHRN	DFNB31
NKX2-8	NKX2H
OTOA	DFNB22
TRIM32	LGMD2H
CD2	SRBC
NOD1	CARD4
NLRP3	C1orf7
NLRP3	CIAS1
NLRP3	DFNA34
BUD23	WBSCR22
EFHC1	EJM1
EFHC1	EJM
NLRC4	CARD12
AZIN1	OAZIN
GGTLC1	GGTLA4
GGTLC1	GGTLA3
SLC4A11	CHED2
SLC4A11	CDPD1
P2RY14	GPR105
NKAIN2	TCBA1
CARD14	PSORS2
NMUR2	NMU2R
PRPF40A	FNBP3
LACTB	MRPL56
ACAP2	CENTB2
SLC45A2	MATP
NME8	TXNDC3
ADAP1	CENTA1
ADAP2	CENTA2
ATG4A	AUTL2
ATG4A	APG4A
PIDD1	LRDD
PIDD1	PIDD
ZMIZ1	RAI17
ACSL6	FACL6
RAB39B	MRX72
RAB39B	WSN
BSND	DFNB73
TMC1	DFNA36
TMC1	DFNB7
TMC1	DFNB11
ACSL5	FACL5
TMC2	C20orf145
ACTN4	FSGS1
LCE3C	SPRL3A
BHLHE41	BHLHB3
CHEK2	RAD53
KIF1B	CMT2A
KIF1B	CMT2
SCARB1	CD36L1
SCARB2	CD36L2
OTUD7B	ZA20D1
SNW1	SKIIP
AKTIP	FTS
DHX30	DDX30
DHX32	DDX32
DHX34	DDX34
CD3D	T3D
GORASP1	GOLPH5
CD247	CD3Z
NPL	C1orf13
TRMT1L	C1orf25
CDC73	C1orf28
CDC73	HRPT2
CDC73	HRPT1
NIBAN1	C1orf24
NIBAN1	FAM129A
EDEM3	C1orf22
SHCBP1L	C1orf14
NMNAT2	C1orf15
TSEN15	C1orf19
UBR5	EDD1
CD44	MIC4
CD44	MDU2
CD44	MDU3
COQ8A	CABC1
COQ8A	ADCK3
ESS2	DGCR13
ESS2	DGCR14
NOP14	C4orf9
NOP14	NOL14
FAM193A	C4orf8
TMEM11	C17orf35
TSC22D1	TGFB1I4
CDC123	C10orf7
CD48	BCM1
TSPOAP1	BZRAP1
THEMIS2	C1orf38
MED20	TRFP
CTR9	SH2BP1
RAPGEF2	PDZGEF1
DLGAP5	DLG7
FIG4	KIAA0274
REC8	REC8L1
CD59	MIC11
CD59	MIN1
CD59	MSK21
CD59	MIN2
CD59	MIN3
PLIN3	M6PRBP1
SPEG	APEG1
KLHL41	KBTBD10
NDC80	KNTC2
LRRN2	LRRN5
CLEC10A	CLECSF14
CD63	MLA1
AGAP2	CENTG1
AGAP1	CENTG2
AGAP3	CENTG3
ARAP1	CENTD2
ATG7	APG7L
ERLIN1	C10orf69
ERLIN1	SPFH1
FAM120C	CXorf17
PPP1R17	C7orf16
CFHR4	CFHL4
CD79A	IGA
CFHR3	CFHL3
LMAN2	C5orf8
CD79B	IGB
CD80	CD28LG
CD80	CD28LG1
CNMD	MYETS1
CNMD	LECT1
TRIOBP	DFNB28
CD81	TAPA1
HNRNPUL1	HNRPUL1
KAT7	MYST2
NIPA1	SPG6
CD86	CD28LG2
SEC31A	SEC31L1
CD8A	CD8
KDM4C	JMJD2C
ERC1	RAB6IP2
TAB2	MAP3K7IP2
EXOC6B	SEC15L2
EXOC6B	SEC15B
ICOSLG	ICOSL
SYNE1	C6orf98
CD9	MIC3
DICER1	MNG1
ACVR1	ACVRLK2
ARHGAP45	HMHA1
TNPO3	LGMD1F
BEST4	VMD2L2
ADGRE5	CD97
ADAMTS18	ADAMTS21
SLC39A4	AEZ
OPTN	GLC1E
SNAPIN	SNAPAP
ARL2BP	RP66
ORC6	ORC6L
SEPTIN7	CDC10
SEPTIN7	SEPT7
CDC14A	DFNB32
ASB10	GLC1F
PSORS1C2	C6orf17
ACVR1B	ACVRLK4
PSORS1C1	C6orf16
DHX37	DDX37
DHX38	DDX38
DIP2A	C21orf106
CDK1	CDC2
CFAP45	CCDC19
CDC25C	CDC25
CENPJ	MCPH6
KIF15	KNSL7
CDC27	D0S1430E
CDC27	D17S978E
RIMS1	RAB3IP2
RIMS1	CORD7
RIMS2	RAB3IP3
CDK11B	CDC2L1
CDK11A	CDC2L3
CDK11A	CDC2L2
TAF8	TBN
TIMM22	TEX4
RXFP2	LGR8
SMR3B	PROL3
SLA2	C20orf156
CDK13	CDC2L5
PRPF8	RP13
URB1	C21orf108
PRPF3	RP18
IFT57	ESRRBL1
CDC45	CDC45L2
CDC45	CDC45L
ZC3H12B	CXorf32
ADGRV1	USH2C
ADGRV1	MASS1
ADGRV1	GPR98
LRBA	CDC4L
NPFFR1	GPR147
CDC6	CDC18L
COP1	RFWD2
RCOR1	RCOR
CDC7	CDC7L1
RCHY1	ZNF363
CDH1	UVO
PPP2R3C	C14orf10
GJC2	GJA12
GJC3	GJE1
ACVRL1	ACVRLK1
ACVRL1	ORW2
ZNF385A	ZNF385
ASIC5	ACCN5
KREMEN1	KREMEN
MED16	THRAP5
KAT6B	MYST4
LTO1	ORAOV1
CDH2	NCAD
CADM3	IGSF4B
ZNF674	MRX92
CD274	PDCD1LG1
DCLRE1C	SCIDA
SH3RF1	SH3MD2
PORCN	DHOF
NECTIN3	PVRL3
RIC1	KIAA1432
SARS2	SARSM
TAAR1	TRAR1
TSPAN5	TM4SF9
PDSS1	TPRT
TDP2	TTRAP
RALGAPA1	GARNL1
YLPM1	C14orf170
CDK9	CDC2L4
FARSB	FARSLB
ZC3H4	C19orf7
SMG6	C17orf31
SLF2	C10orf6
SLF2	FAM178A
IFI44L	C1orf29
NT5C3A	NT5C3
DDX39A	DDX39
PTGES2	C9orf15
ST8SIA5	SIAT8E
NIFK	MKI67IP
CDKN1A	CDKN1
TGS1	NCOA6IP
ST6GALNAC4	SIAT7D
ADGRA2	GPR124
IBTK	BTKI
HACL1	HPCL
TRIM69	RNF36
NUP188	KIAA0169
CDKN1C	BWCR
CDKN1C	BWS
NPTN	SDFR1
CDKN2A	CDKN2
CDKN2A	MLM
INVS	NPHP2
NMRK2	ITGB1BP3
NMNAT1	LCA9
PGAP2	MRT21
PGAP2	MRT17
ZNF638	ZFML
MED4	VDRIP
DROSHA	RNASEN
ZDHHC1	C16orf1
GRHL1	TFCP2L2
SLC45A1	DNB5
BORCS5	LOH12CR1
CEP83	CCDC41
REEP2	C5orf19
CDR1	CDR
RTCA	RTCD1
TRPM6	HOMG
TRPM6	HSH
GIMAP5	IAN4L1
GLIPR2	C9orf19
DHX40	DDX40
TMC6	EVER1
COA6	C1orf31
KDM5B	JARID1B
ACSM1	BUCS1
CDX2	CDX3
ARX	MRXS1
ARX	PRTS
ARX	MRX76
ARX	MRX54
ARX	MRX43
ARX	MRX36
ARX	MRX29
ARX	MRX32
ARX	MRX33
ARX	MRX38
ARX	MRX87
EMSY	C11orf30
AHSP	ERAF
TMEM199	C17orf32
DEFB107A	DEFB107
CCDC50	C3orf6
CCDC50	DFNA44
DEFB104A	DEFB104
ILDR2	C1orf32
EIF3L	EIF3S6IP
EIF3L	EIF3EIP
CEACAM1	BGP
DCDC2	DFNB66
DSEL	C18orf4
PHF6	BFLS
PHF6	BORJ
A4GALT	P1
CEACAM3	CGM1
ACOT11	THEA
TAB1	MAP3K7IP1
VCX3A	VCX3
STYXL1	DUSP24
CEACAM5	CEA
CEACAM6	NCA
GIPC3	C19orf64
GIPC3	DFNB72
GIPC3	DFNB15
SIAE	YSG2
TMCO1	TMCC4
MTMR12	PIP3AP
CRISPLD1	LCRISP1
MOGAT1	DGAT2L1
CD248	CD164L1
CD99L2	MIC2L1
ELP2	STATIP1
KCTD1	C18orf5
PARL	PSARL
ATP6V0D2	ATP6D2
FMNL2	FHOD2
METTL2B	METTL2
TRERF1	BCAR2
UTP6	C17orf40
RAB40C	RASL8C
RAX2	RAXL1
CFC1	HTX2
SLC2A14	SLC2A3P3
ATP6AP2	ATP6IP2
CEBPA	CEBP
CEBPB	TCF5
TENT5A	C6orf37
TENT5A	FAM46A
ACER1	ASAH3
IFNL1	IL29
IFNL2	IL28A
IFNL3	IL28B
PADI4	PADI5
HPSE2	UFS
ADA2	IDGFL
ADA2	CECR1
H2AP	CXorf27
H2AP	HYPM
HYPK	C15orf63
AGO3	EIF2C3
PTGR1	LTB4DH
HDHD5	CECR5
MIA2	CTAGE5
MIA2	MGEA
MIA2	MGEA6
CHTF18	C16orf41
NAXE	APOA1BP
ZDHHC9	ZDHHC10
ZDHHC9	CXorf11
PDZD2	PDZK3
BCO2	BCDO2
FCRLA	FCRLM1
SPART	SPG20
TMEM47	TM4SF10
VASN	SLITL2
USP48	USP31
STX1B	STX1B1
STX1B	STX1B2
CENPC	CENPC1
KMT2E	MLL5
HSDL2	C9orf99
CCNO	CCNU
TXLNG	CXorf15
CNTRL	CEP1
CNTRL	CEP110
ADGRL2	LPHH1
ADGRL2	LPHN2
PPM1H	ARHCL1
IFNLR1	IL28RA
SUN1	UNC84A
CEP250	CEP2
PNPLA3	C22orf20
PNPLA3	ADPN
LRRK2	PARK8
IFT27	RABL4
RGSL1	RGSL2
SUGP1	SF4
TTC39A	C1orf34
NUP205	C7orf14
ZBTB7B	ZFP67
CDK5RAP2	MCPH3
EIF4A3	DDX48
ST18	ZNF387
ASCC3	HELIC1
NAA10	ARD1
NAA10	ARD1A
MTREX	KIAA0052
MTREX	SKIV2L2
DYNC1LI1	DNCLI1
FBXO17	FBXO26
CFLAR	CASP8AP1
CCDC6	TST1
CCDC6	D10S170
ZFP57	C6orf40
SERINC5	C5orf12
CFTR	CF
CFTR	ABCC7
ADAM11	MDC
GBA2	SPG46
ADGRF1	GPR110
ADGRG4	GPR112
CASP12	CASP12P1
ADGRG5	GPR114
ADGRF4	GPR115
TRIM50	TRIM50A
TRIM51	SPRYD5
DMBX1	OTX3
LRRC8A	LRRC8
COQ8B	ADCK4
SLCO5A1	SLC21A15
ASPM	MCPH5
FFAR4	GPR129
FFAR4	GPR120
FFAR4	O3FAR1
METTL27	WBSCR27
THOC2	CXorf3
THOC2	MRX12
THOC2	MRX35
THOC5	C22orf19
NCR3	LY117
VPS13A	CHAC
NALCN	VGCNL1
TAS2R20	TAS2R49
POMGNT1	MEB
TTBK2	SCA11
GJA9	GJA10
STARD13	LINC00464
TINAGL1	LCN7
CMTM5	CKLFSF5
HMCN1	ARMD1
SMR3A	PROL5
ADGRG7	GPR128
SNX18	SNAG1
PPP6R2	KIAA0685
PPP6R2	SAPS2
TPPP2	C14orf8
PIP4P1	C14orf9
PIP4P1	TMEM55B
CHGB	SCG1
SCAF4	SFRS15
KANK1	ANKRD15
P3H1	LEPRE1
P3H2	LEPREL1
P3H3	LEPREL2
ST6GALNAC5	SIAT7E
DENND5A	RAB6IP1
CUX2	CUTL2
KIF21A	FEOM1
JMJD6	PTDSR
RTKN2	PLEKHK1
FAM13A	FAM13A1
FAM13C	FAM13C1
CHKB	CHKL
SOCS4	SOCS7
CHM	TCD
CHM	DXS540
TADA3	TADA3L
CHN1	CHN
CHN1	DURS2
ADAM17	TACE
CHRNA1	CHRNA
OR2A25	OR2A25P
OR2A25	OR2A27
OR2AK2	OR2AK1P
CHRNB1	CHRNB
CHRND	ACHRD
CHRNG	ACHRG
NECTIN4	PVRL4
RD3	C1orf36
ADAMTSL4	TSRC1
HHIPL1	KIAA1822
DISP2	LINC00594
DISP2	C15orf36
DDHD1	SPG28
XPO6	RANBP20
TNS2	TENC1
CHUK	TCF16
PCNX1	PCNXL1
PCNX1	PCNX
VSX2	HOX10
VSX2	CHX10
TTC7A	TTC7
SRGAP2	FNBP2
FAM177A1	C14orf24
UTP4	CIRH1A
CLEC14A	C14orf27
MDGA2	MAMDC1
FRMD6	C14orf31
ISCA2	HBLD1
TTC7B	TTC7L1
CITED1	MSG1
ZBTB49	ZNF509
NLE1	NLE
ZFAT	ZNF406
ZFAT	ZFAT1
CKB	CKBB
DCAF12	KIAA1892
DCAF12	WDR40A
KIF24	C9orf48
MYORG	KIAA1161
CKM	CKMM
CKMT1B	CKMT
CKMT1B	CKMT1
TECPR2	KIAA0329
PRORP	KIAA0391
TTLL5	KIAA0998
VASH1	KIAA1036
UNC79	KIAA1409
CCDC88C	KIAA1509
OPN5	TMEM13
AARS1	AARS
PCSK9	HCHOLA3
GREM1	CKTSF1B1
GREM1	CRAC1
PAN2	USP52
ADSS1	ADSSL1
PPP1R36	C14orf50
CHURC1	C14orf52
FLVCR2	C14orf58
DEGS2	C14orf66
SLC25A47	C14orf68
TDRD9	C14orf75
ASPG	C14orf76
AHNAK2	C14orf78
AP3S1	CLAPS3
GLRX5	C14orf87
GPR143	OA1
CYB5R4	NCB5OR
PTGR2	ZADH1
SLC17A8	DFNA25
ZFHX2	ZNF409
CHD8	HELSNF1
HAUS4	C14orf94
NYNRIN	KIAA1305
TMEM183A	C1orf37
INTS13	C12orf11
INTS13	ASUN
TMEM260	C14orf101
NRDE2	C14orf102
ATG2B	C14orf103
DNAAF2	C14orf104
CCDC198	C14orf105
MIS18BP1	C14orf106
HFM1	SEC63D1
B3GLCT	B3GALTL
VRTN	C14orf115
DCAF4	WDR21
DCAF4	WDR21A
CLCN5	NPHL2
CLCN5	NPHL1
DCAF11	WDR23
NUP58	NUPL1
SETDB2	C13orf4
NUBPL	C14orf127
PROSER1	C13orf23
SLITRK5	LRRC11
FNDC3A	FNDC3
SLITRK1	LRRC12
LRCH1	CHDC1
CHAMP1	C13orf8
CHAMP1	ZNF828
UTP14C	KIAA0266
RBM26	C13orf10
TMCO3	C13orf11
POMP	C13orf12
UBR7	C14orf130
ZNF839	C14orf131
VIPAS39	C14orf133
CLDN14	DFNB29
VCPKMT	C14orf138
VCPKMT	METTL21D
CEP128	C14orf61
CEP128	C14orf145
LRFN5	C14orf146
CEP170B	KIAA0284
PLEKHG3	KIAA0599
FRY	C13orf14
ZC3H13	KIAA0853
GSX1	GSH1
KRT6C	KRT6E
PDS5B	APRIN
RUBCNL	C13orf18
RUBCNL	KIAA0226L
LNX2	PDZRN1
SPATA7	LCA3
UPF3B	MRX62
UPF3B	UPF3BP1
UPF3B	UPF3BP2
UPF3B	UPF3BP3
FBRS	FBS1
TRAF7	RFWD1
SMC5	SMC5L1
SMC6	SMC6L1
TMC8	EVER2
UBAC2	PHGDHL1
CLDN7	CEPTRL2
CLDN7	CPETRL2
COA8	C14orf153
COA8	APOPT1
SETD3	C14orf154
FSCB	C14orf155
L2HGDH	C14orf160
RHBDF1	C16orf8
CYP2U1	SPG56
MTUS2	KIAA0774
SUPT20H	C13orf19
SUPT20H	FAM48A
UFM1	C13orf20
DIS3	KIAA1008
IFT88	TTC10
PHLPP1	PLEKHE1
PHLPP1	PHLPP
MICAL1	NICAL
DCDC1	DCDC5
CHD7	CRG
ZNF419	ZNF419A
CLIC6	CLIC1L
TXNDC15	C5orf14
RAPGEF6	PDZGEF2
TXNRD3	TXNRD3NB
TXNRD3	TXNRD3IT1
ANO9	TP53I5
ANO9	TMEM16J
NBEAL1	ALS2CR17
NBEAL1	ALS2CR16
OPALIN	TMEM10
SCFD1	C14orf163
TPP1	CLN2
TPP1	SCAR7
CLN3	BTS
FAXC	C6orf168
FANCL	PHF9
RBSN	ZFYVE20
ZFYVE26	SPG15
TUBB4B	TUBB2C
TUBB3	FEOM3
TUBB4A	TUBB4
TUBB4A	DYT4
RHBDF2	RHBDL6
RHBDF2	TOC
ATG4D	AUTL4
ATG4D	APG4D
CLN8	EPMR
CLN8	C8orf61
ATG4B	APG4B
KDM3A	JMJD1
KDM3A	JMJD1A
ADGRL4	ELTD1
FNBP1L	C1orf39
THAP1	DYT6
MCHR2	GPR145
RPF2	BXDC1
GPAT4	AGPAT6
CLTC	CLTCL2
CLTCL1	CLTCL
CLU	CLI
CLU	APOJ
TMEM181	KIAA1423
TMEM181	GPR178
ANKS1A	ANKS1
NACC1	BTBD14B
RIOX1	C14orf169
ADGRL1	LPHN1
TAAR6	TRAR4
PHACTR1	RPEL1
ZSCAN2	ZFP29
LGSN	GLULD1
NHSL1	C6orf63
AARS2	AARSL
CUL7	KIAA0076
NDUFAF4	C6orf66
NUS1	C6orf68
PITPNM3	CORD5
RSPH3	RSHL2
MTHFD1L	FTHFSDC1
ERMARD	C6orf70
RSPH9	MRPS18AL1
RSPH9	C6orf206
FARS2	FARS1
WDR25	C14orf67
RAB44	RASD3
RAB44	RASL13
IYD	C6orf71
FAM135A	KIAA1411
TREML2	C6orf76
MCUR1	C6orf79
MCUR1	CCDC90A
ARMC12	C6orf81
SLC22A23	C6orf85
CEP162	C6orf84
CEP162	KIAA1009
BICRAL	KIAA0240
BICRAL	GLTSCR1L
MTFR2	DUFD1
MTFR2	FAM54A
ECT2L	C6orf91
ZBTB24	ZNF450
DSE	SART2
PCGF6	RNF134
GTF2H5	C6orf175
GTF2H5	TTD
RHOT1	ARHT1
RHOT2	C16orf39
RHOT2	ARHT2
LTV1	C6orf93
ZC3H12D	C6orf95
RMND1	C6orf96
CCDC170	C6orf97
SUMO4	SMT3H4
SUMO4	IDDM5
FNDC1	FNDC2
ATAT1	C6orf134
FA2H	FAXDC1
FA2H	SPG35
KIF6	C6orf102
LINGO1	LRRN6A
LINGO2	LRRN6C
TTLL2	C6orf104
ARFGEF3	C6orf92
ARFGEF3	KIAA1244
UHRF1BP1	C6orf107
CILK1	ICK
KLHL32	BKLHD5
KLHL32	KIAA1900
LRFN2	KIAA1246
LRFN2	SALM1
DACT2	C6orf116
MRAP2	C6orf117
UQCC2	C6orf125
UQCC2	MNF1
TMEM217	C6orf128
LHFPL5	DFNB67
CAPRIN2	C1QDC1
ASIC4	ACCN4
NLRP5	NALP5
UBR2	C6orf133
KCTD11	C17orf36
ADPRS	ADPRHL2
ELOVL5	SCA38
NME9	TXNDC6
CENPU	MLF1IP
SBF2	CMT4B2
MLIP	C6orf142
FAM83B	C6orf143
LYRM4	C6orf149
CGAS	C6orf150
CGAS	MB21D1
PRSS35	C6orf158
RIPPLY2	C6orf159
RARS2	RARSL
AKIRIN2	C6orf166
CDK20	CCRK
IFT74	CCDC2
MTERF1	MTERF
NLRP10	NALP10
INPP5E	JBTS1
RFX6	RFXDC1
CNGA1	CNCG1
CNGA1	CNCG
MCM9	MCMDC1
MCM9	C6orf61
TBC1D32	C6orf171
TBC1D32	C6orf170
CNGA2	CNCA1
CNGA2	CNCA
DNAAF4	DYX1C1
SOGA3	C6orf174
ATG16L1	APG16L
ATG16L1	ATG16L
CNGA3	CNCG3
CNGA3	ACHM2
CNGB1	CNCG2
CNGB1	CNCG3L
CNGA4	CNCA2
CNGA4	CNGB2
CNGB3	ACHM3
CNGB3	ACHM1
CNGB3	RMCH
PLK3	CNK
EYS	C6orf180
EYS	EGFL11
EYS	RP25
EYS	EGFL10
EYS	C6orf178
EYS	C6orf179
RSPH4A	RSHL3
CEP57L1	C6orf182
THEMIS	C6orf207
THEMIS	C6orf190
THEMIS	TSEPA
KDM1B	C6orf193
KDM1B	AOF1
CNR1	CNR
TAFA4	FAM19A4
TAFA5	FAM19A5
ADAM9	CORD9
MPC1	BRP44L
LNPK	KIAA1715
TNS3	TENS1
ANO1	ORAOV2
ANO1	TMEM16A
CEP85L	C6orf204
TSPAN12	TM4SF12
VARS2	VARS2L
VARS2	VARSL
CHCHD2	C7orf17
TOPORS	RP31
MUC21	C6orf205
MUCL3	DPCR1
ORAI2	C7orf19
ORAI2	TMEM142B
SIK2	SNF1LK2
GET4	C7orf20
CCZ1	C7orf28A
CERKL	RP26
BRAT1	C7orf27
BRAT1	BAAT1
GGCT	C7orf24
GGCT	GCTG
CCM2	C7orf22
ZNF804A	C2orf10
CNTN2	TAX
CNTN2	AXT
GALNTL5	GALNT15
CNTN3	PANG
RBM48	C7orf64
COCH	DFNA31
COCH	DFNA9
VPS13B	COH1
COL11A1	COLL6
COL11A1	DFNA37
AGK	MULK
COL11A2	DFNA13
COL11A2	DFNB53
COL12A1	COL12A1L
NCAPG2	LUZP5
COL14A1	UND
PARP12	ZC3HDC1
STEAP4	TNFAIP9
COL17A1	BPAG2
COL18A1	KNO
COL1A2	OI4
COL2A1	SEDC
COL2A1	AOM
NYAP1	C7orf51
NYAP1	KIAA1486L
COL3A1	EDS4A
CERT1	COL4A3BP
COL4A5	ASLN
COL4A5	ATS
VMA21	MEAX
COL7A1	EBDCT
COL7A1	EBD1
COL7A1	EBR1
COL8A1	C3orf7
COL8A2	FECD
COL9A2	EDM2
AP5Z1	KIAA0415
COMP	PSACH
COMP	EDM1
COMP	EPD1
KLF6	BCD1
KLF6	ST12
KLF6	COPEB
COPG1	COPG
ATG9A	APG9L1
COPZ1	COPZ
CYREN	C7orf49
MED13	THRAP1
ADAR	IFI4
ADAR	G1P1
ENOX2	COVA1
COX4I1	COX4
COX6A1	COX6A
ZNF727	ZNF727P
FEZF1	ZNF312B
COX6B1	COX6B
KLHL13	BKLHD2
KLHL13	KIAA1309
NLRP13	NALP13
NLRP12	NALP12
NLRP14	NALP14
COX8A	COX8
NLRP8	NALP8
NLRP9	NALP9
NLRP4	NALP4
NLRP6	NALP6
NLRP11	NALP11
NLRP7	NALP7
NLRP2	NALP2
PREX2	DEPDC2
POGLUT1	C3orf9
POGLUT1	KTELC1
CPA1	CPA
MED13L	THRAP2
MED24	THRAP4
MED24	CRSP4
KRTAP10-3	KRTAP18-3
KDM4A	JMJD2
KDM4A	JMJD2A
JADE2	PHF15
ZRSR2	U2AF1L2
SAMD4A	SAMD4
GNPTG	GNPTAG
GNPTG	C16orf27
MED30	THRAP6
LMBRD1	C6orf209
UFL1	KIAA0776
BEND3	KIAA1553
PDSS2	C6orf210
XKR7	C20orf159
TRAPPC2	SEDL
RHBDD2	RHBDL7
ARHGAP33	SNX26
SLC10A7	C4orf13
DCHS2	CDH27
DCHS2	PCDH23
CPN2	ACBP
TRMT5	KIAA1393
PNPT1	DFNB70
FANCM	KIAA1596
ISM2	THSD3
ADCY1	DFNB44
CPOX	CPO
MYH14	DFNA4
UBA5	UBE1DC1
SERINC2	TDE2L
HSD17B14	DHRS10
DNAL1	C14orf168
AWAT1	DGAT2L3
WAPL	KIAA0261
WAPL	WAPAL
TSPAN14	TM4SF14
ST8SIA6	SIAT8F
A2ML1	CPAMD9
LRRC74A	C14orf166B
LRRC74A	LRRC74
PIBF1	C13orf24
DEPP1	C10orf10
CCAR2	KIAA1967
MVB12B	C9orf28
MVB12B	FAM125B
FOCAD	KIAA1797
FAM120AOS	C9orf10OS
FREM1	C9orf154
LRMDA	C10orf11
DOLK	TMEM15
KIFBP	KIAA1279
KIFBP	KIF1BP
CRB1	RP12
CNTLN	C9orf101
CNTLN	C9orf39
CARNMT1	C9orf41
AKR1E2	AKRDC1
AKR1E2	AKR1CL2
IFIT1B	IFIT1L
LIPN	LIPL4
AGAP6	CTGLF3
CREBBP	RSTS
MORC4	ZCWCC2
ATF6B	CREBL1
FAM122A	C9orf42
CALHM1	FAM26C
BMS1	BMS1L
STOX1	C10orf24
TBATA	C10orf27
SLC16A9	C10orf36
MCU	C10orf42
MCU	CCDC109A
PALD1	PALD
PALD1	KIAA1274
CRHR1	CRHR
MORC3	ZCWCC3
MORC2	ZCWCC1
MINDY3	C10orf97
MINDY3	FAM188A
CRIM1	S52
ST6GALNAC1	SIAT7A
MIGA2	C9orf54
MIGA2	FAM73B
NPSR1	GPR154
TTC37	KIAA0372
GNE	IBM2
VKORC1	VKCFD2
SH3PXD2A	SH3MD1
GLT6D1	GLTDC1
GSDMB	GSDML
ACKR3	CMKOR1
ACKR3	CXCR7
MED14	CXorf4
MED14	CRSP2
ERMP1	KIAA1815
TTC39B	C9orf52
ZSCAN4	ZNF494
ZSCAN5A	ZNF495
ZSCAN5A	ZSCAN5
REEP3	C10orf74
ZBTB45	ZNF499
PGAP3	PERLD1
MED23	CRSP3
MED23	MRT18
FAM107B	C10orf45
PROSER2	C10orf47
MKX	C10orf48
MKX	IRXL1
NECAB2	EFCBP2
CERS4	LASS4
CERS5	LASS5
MED17	CRSP6
CERS3	LASS3
MED26	CRSP7
EPHX3	ABHD9
PIKFYVE	PIP5K3
INF2	C14orf151
INF2	C14orf173
PLD4	C14orf175
PACS2	PACS1L
RRP1B	KIAA0179
CERS6	LASS6
CRX	CORD2
ANO4	TMEM16D
CRY1	PHLL1
SLX4	BTBD12
NACC2	BTBD14A
CRYAA	CRYA1
CRYAB	CRYA2
CTIF	KIAA0427
CRYBA1	CRYB1
CRYBB2	CCA2
CRYBB2	CRYB2A
CRYBB2	CRYB2
ERI1	THEX1
CRYBB3	CRYB3
ATL2	ARL6IP2
CREBRF	C5orf41
KNL1	MCPH4
KNL1	CASC5
CRYGA	CRYG1
CRYGB	CRYG2
ARAP3	CENTD3
CRYGC	CRYG3
CRYGD	CRYG4
NIBAN3	FAM129C
B4GALNT2	GALGT2
B3GNT8	B3GALT7
LRATD2	FAM84B
CRYGS	CRYG8
BRCC3	CXorf53
CISD2	ZCD2
CISD2	WFS2
ATP13A1	ATP13A
CDK12	CRKRS
DRC1	C2orf39
DRC1	CCDC164
EEF1AKNMT	KIAA0859
EEF1AKNMT	METTL13
EEF1AKNMT	DFNM1
RRP15	KIAA0507
KMT5B	SUV420H1
TRAPPC12	TTC15
EMC7	C15orf24
TACO1	CCDC44
RMC1	C18orf8
RMC1	WDR98
CSF1R	FMS
MALRD1	C10orf112
CCDC186	C10orf118
CSF2RA	CSF2R
PHRF1	RNF221
CSF2RB	IL3RB
CSF3	GCSF
CSF3	G-CSF
CSF3	C17orf33
CSF3R	CD114
CSHL1	CSHP1
CNDP2	PEPA
HMCES	C3orf37
CSN1S1	CASA
CSN1S1	CSN1
CHST14	D4ST1
SYNM	DMN
GASK1A	C3orf41
GASK1A	FAM198A
POC1A	WDR51A
NEPRO	C3orf17
ADD3	ADDL
PLEKHG4	SCA4
WDR62	C19orf14
WDR62	MCPH2
TCTN3	C10orf61
TMEM186	C16orf51
NSL1	C1orf48
KANSL1	KIAA1267
CIB2	DFNB48
CIB2	USH1J
NRROS	LRRC33
REXO1	TCEB3BP1
SIL1	MSS
VCAN	CSPG2
EDRF1	C10orf137
ECRG4	C2orf40
NCAN	CSPG3
EHMT1	EHMT1-IT1
GPATCH1	GPATC1
CFHR5	CFHL5
SMC3	CSPG6
FLVCR1	AXPC1
CSRP1	CYRP
RABL6	C9orf86
LARP1B	LARP2
ZFP69	ZNF642
TENT5C	FAM46C
TMX3	TXNDC10
TOPAZ1	C3orf77
PNPLA7	C9orf111
SIMC1	C5orf25
PLIN2	ADFP
SSUH2	C3orf32
CSTA	STF1
CSTA	STFA
CSTB	EPM1
CSTB	STFB
FAM189A2	C9orf61
HCAR2	GPR109A
MRGPRF	GPR168
MRGPRF	GPR140
KIAA1549L	C11orf69
KIAA1549L	C11orf41
YAE1	C7orf36
YAE1	YAE1D1
MFF	C2orf33
GAPDHS	GAPDS
CEP104	KIAA0562
IRGQ	IRGQ1
NKX2-5	CSX
NKX2-5	NKX2E
RXFP3	RLN3R1
DCAF8	WDR42A
ADH1A	ADH1
CDNF	ARMETL1
VPS37A	PQBP2
ZC4H2	KIAA1166
ZC4H2	WWS
ZC4H2	MCS
ZC4H2	MRXS4
CTBS	CTB
EXOC2	SEC5L1
NPRL2	TUSC4
COA3	CCDC56
ADH1B	ADH2
CCN2	CTGF
TMEM216	CORS2
TMEM216	MKS2
FAM151A	C1orf179
LRTOMT	LRRC51
LRTOMT	DFNB63
CTLA4	CELIAC3
CTLA4	IDDM12
DRAXIN	C1orf187
TPGS1	C19orf20
REC114	C15orf60
FBXO46	FBXO34L
WDR45B	WDR45L
SPICE1	CCDC52
SGO1	SGOL1
MTSS2	MTSS1L
DCAF15	C19orf72
PRMT9	PRMT10
ADH1C	ADH3
OTULIN	FAM105B
CTNNB1	CTNNB
SLC9B2	NHEDC2
CTNND1	CTNND
HOGA1	C10orf65
HOGA1	DHDPSL
SMIM19	C8orf40
HAUS1	CCDC5
TMEM240	C1orf70
TMEM240	SCA21
CTPS1	CTPS
ARL8A	ARL10B
DPH7	C9orf112
DPH7	WDR85
CIART	C1orf51
UCMA	C10orf49
PRUNE2	C9orf65
PRUNE2	KIAA0367
CTRB1	CTRB
MMADHC	C2orf25
ERLEC1	C2orf30
SGSM3	RUTBC3
ANO6	TMEM16F
CRISPLD2	LCRISP2
CTSC	PLS
CTSC	PALS
CTSD	CPSD
FAM186B	C12orf25
COQ9	C16orf49
CEP85	CCDC21
H3C13	HIST2H3D
CFAP65	CCDC108
CTSH	CPSB
SPRTN	C1orf124
RNF170	SNAX1
CTSK	CTSO2
CTSK	CTSO
CTSK	PYCD
CTSL	CTSL1
FAM160A2	C11orf56
CTSV	CTSL2
SLF1	BRCTD1
SLF1	ANKRD32
ARL13B	ARL2L1
MFSD4A	MFSD4
TANGO2	C22orf25
C19orf12	SPG43
HNRNPUL2	HNRPUL2
CUBN	MGA1
TRMU	TRMT
RADX	CXorf57
TMEM51	C1orf72
CELF1	CUGBP1
FRMD4A	FRMD4
DMAC2	ATP5SL
KDM4D	JMJD2D
GPATCH2	GPATC2
CELF2	CUGBP2
VAC14	TAX1BP2
MAP7D1	PARCC1
MAP7D1	RPRC1
YJU2	CCDC94
ANO10	TMEM16K
WRAP53	WDR79
CCDC88A	KIAA1212
NDC1	TMEM48
FAR2	MLSTD1
MTPAP	PAPD1
TMEM38B	C9orf87
MSL2	RNF184
MSL2	MSL2L1
SMG8	C17orf71
RESF1	C12orf35
RESF1	KIAA1551
FAM222B	C17orf63
FANCI	KIAA1794
CUX1	CUTL1
NAXD	CARKD
CX3CR1	GPR13
CX3CR1	CMKBRL1
UBA6	UBE1L2
TYW1	RSAFD1
INAVA	C1orf106
MAP11	C7orf43
OTULINL	FAM105A
CFAP44	WDR52
TMA16	C4orf43
UFSP2	C4orf20
RNLS	C10orf59
ZGRF1	C4orf21
BCORL1	CXorf10
BEND5	C1orf165
OFD1	CXorf5
OFD1	RP23
RNASEH2B	DLEU8
RNASEH2B	AGS2
GORAB	SCYL1BP1
ATG101	C12orf44
MAMLD1	CXorf6
GSDMD	GSDMDC1
CYB5A	CYB5
COA7	C1orf163
COA7	SELRC1
LPCAT1	AYTL2
GPATCH3	GPATC3
CEP76	C18orf9
CEP78	C9orf81
TRAPPC11	C4orf41
ATAD5	C17orf41
MUL1	C1orf166
SMG9	C19orf61
RMI1	C9orf76
TCTN2	C12orf38
RFX7	RFXDC2
CYBB	CGD
NAA25	C12orf30
DCAF17	C2orf37
REEP1	C2orf23
CENPT	C16orf56
EFL1	EFTUD1
USB1	C16orf57
CPLANE1	C5orf42
FAM161A	RP28
TUT7	ZCCHC6
ABRAXAS1	CCDC98
ABRAXAS1	FAM175A
GRHL3	TFCP2L4
CYLD	CYLD1
KDM8	JMJD5
HHIPL2	KIAA1822L
PYCR3	PYCRL
CLIP2	WBSCR4
CLIP2	CYLN2
CLIP2	WBSCR3
DIPK2B	CXorf36
NAA60	NAT15
ZNF606	ZNF328
ORAI1	TMEM142A
MFSD2A	MFSD2
CYP11A1	CYP11A
AFAP1L2	KIAA1914
POMGNT2	C3orf39
POMGNT2	GTDC2
CEP89	CCDC123
FAM222A	C12orf34
STRIP1	FAM40A
CYP17A1	CYP17
CYP19A1	CYP19
TET2	KIAA1546
CYP1A1	CYP1
VPS50	CCDC132
RETREG1	FAM134B
ESRP1	RBM35A
CYP1B1	GLC3A
GON4L	GON4
ELP6	TMEM103
ELP6	C3orf75
MIEF1	SMCR7L
NSUN2	MRT5
CYP21A2	CYP21
CYP21A2	CYP21B
SPDL1	CCDC99
DNAAF5	HEATR2
CYP24A1	CYP24
TRMT10C	RG9MTD1
LPCAT2	AYTL1
SDHAF2	PGL2
SDHAF2	C11orf79
PARP16	C15orf30
GEMIN8	FAM51A1
INTS8	C8orf52
CYP27A1	CYP27
INTS11	CPSF3L
CYP27B1	VDD1
CYP27B1	PDDR
MCUB	CCDC109B
CYP2A6	CYP2A3
CFAP69	C7orf63
CLIP4	RSNL2
EDC3	YJDC
EXO5	C1orf176
EXO5	DEM1
LDAH	C2orf43
IFT46	C11orf60
CYP2B6	CYP2B
ESRP2	RBM35B
INTS3	C1orf60
ELMOD3	RBM29
ELMOD3	RBED1
ELMOD3	DFNB88
CPED1	C7orf58
CTC1	C17orf68
OGFOD3	C17orf101
COLGALT1	GLT25D1
TUT1	RBM21
SLC66A2	PQLC1
MTARC1	MOSC1
MTARC1	MARC1
MTMR14	C3orf29
ZNF385D	ZNF659
CYP2C18	CYP2C17
STN1	OBFC1
CYP2C19	CYP2C
PIF1	C15orf20
FAR1	MLSTD2
DENND1C	FAM31C
METTL25	C12orf26
CYP2C9	CYP2C10
EFHC2	MRX74
MYO19	MYOHD1
CEP97	LRRIQ2
CYP2D6	CYP2DL1
CYP2D6	CYP2D7P2
CYP2D6	CYP2D7BP
CYP2D6	CYP2D8P2
CYP2D6	CYP2D7AP
PDZD7	PDZK7
PDZD7	DFNB57
TTI2	C8orf41
PIEZO2	FAM38B2
PIEZO2	C18orf30
PIEZO2	C18orf58
PIEZO2	FAM38B
NARS2	DFNB94
CAMKMT	C2orf34
BBS10	C12orf58
CCDC102B	C18orf14
CCDC102B	ACY1L
ADORA2A	ADORA2
ODAPH	C4orf26
HEXD	HEXDC
CYP2E1	CYP2E
KANSL1L	C2orf67
MYRFL	C12orf15
MYRFL	C12orf28
CYP2F1	CYP2F
ZNF385B	ZNF533
ZNF534	KRBO3
BTBD16	C10orf87
SEPTIN12	SEPT12
MCMDC2	C8orf45
CYP3A4	CYP3A3
CBLL2	ZNF645
DAW1	WDR69
SLAIN1	C13orf32
HENMT1	C1orf59
MARVELD2	MRVLDC2
MARVELD2	DFNB49
NADK2	C5orf33
NADK2	NADKD1
HDX	CXorf43
CYP4A11	CYP4A2
FAAH2	AMDD
CLHC1	C2orf63
TEPSIN	C17orf56
TEPSIN	ENTHD2
CES5A	CES7
CYP4F3	LTB4H
CFAP57	WDR65
CYP51A1	CYP51
CYP7A1	CYP7
BROX	C1orf58
NSMCE2	C8orf36
CYP7B1	SPG5A
LOXHD1	DFNB77
HGSNAT	TMEM76
CFAP53	CCDC11
DNHD1	DHCD1
DNHD1	C11orf47
DNHD1	DNHD1L
DNHD1	CCDC35
CCN1	IGFBP10
CCN1	CYR61
HEATR9	C17orf66
AXDND1	C1orf125
GTSF1	FAM112B
RMDN2	FAM82A
RMDN2	FAM82A1
PRIMPOL	CCDC111
UNC80	C2orf21
PWWP3B	MUM1L1
RTP5	C2orf85
RTP5	CXXC11
GAPT	C5orf29
DOK7	C4orf25
SLC35G1	TMEM20
HECTD4	C12orf51
KDF1	C1orf172
DACH1	DACH
XXYLT1	C3orf21
BBS12	C4orf24
CD55	DAF
POC5	C5orf37
COL6A5	COL29A1
CFAP43	C10orf79
CFAP43	WDR96
CCDC71L	C7orf74
CEP120	CCDC100
SYNE4	C19orf46
SYNE4	DFNB76
CFAP47	CXorf59
CFAP47	CXorf22
CFAP47	CXorf30
CFAP47	CHDC2
ANKS6	SAMD6
ANKS6	ANKRD14
CCDC88B	CCDC88
DARS1	DARS
LACC1	C13orf31
ARL14EP	C11orf46
DIDO1	C20orf158
DIDO1	DATF1
ANKLE1	ANKRD41
AMER1	FAM123B
DAZL	DAZLA
CCDC168	C13orf40
MROH2B	HEATR7B2
BRINP1	DBCCR1
BRINP1	DBC1
TCAF2	FAM139A
TCAF2	FAM115C
TPRN	C9orf75
TPRN	DFNB79
OTOGL	C12orf64
ERCC6L2	C9orf102
SPOUT1	C9orf114
RTCB	C22orf28
HIKESHI	C11orf73
DBN1	D0S117E
INO80	INOC1
WDR90	C16orf17
WDR90	C16orf15
WDR90	C16orf16
WDR90	C16orf19
WDR90	C16orf18
COX20	FAM36A
PDZD8	PDZK8
METTL23	C17orf95
INO80C	C18orf37
ZNF816	ZNF816A
PARP1	PPOL
PARP1	ADPRT
DCLK1	DCAMKL1
MISP	C19orf21
ECI1	DCI
PTRH1	C9orf115
ACE	DCP1
CARMIL2	RLTPR
DCT	TYRP2
PARP4	ADPRTL1
PARP2	ADPRTL2
ASAP1	DDEF1
ASAP2	DDEF2
RBM33	PRR8
ESCO2	RBS
H2BW1	H2BFWT
KANK4	ANKRD38
GRAMD2A	GRAMD2
MCEMP1	C19orf59
FYB2	C1orf168
PARP3	ADPRTL3
DDR1	NTRK4
DDR1	PTK3A
DDR1	NEP
DDR1	CAK
DDR1	EDDR1
IBA57	C1orf69
DDR2	TYRO10
DDR2	NTRKR3
INTS6L	DDX26B
ANO5	TMEM16E
ANO5	LGMD2L
OTUD1	OTDC1
ITPRID1	CCDC129
MSRB3	DFNB74
DHX16	DDX16
DDX3X	DDX3
DDX5	HLR1
DDX5	G17P1
DDX6	HLR2
DHX8	DDX8
DHX9	LKP
DHX9	DDX9
PIAS1	DDXBP1
DECR1	DECR
MILR1	C17orf60
PPP1R37	LRRC68
DEFA5	DEF5
DEFB4A	DEFB102
DEFB4A	DEFB2
DEFB4A	DEFB4
ADRA1A	ADRA1C
CFD	DF
CFD	PFD
RNF212	LOC285498
MROH6	C8orf73
SOHLH1	C9orf157
H2BW2	H2BFM
H2BW2	H2BM
MROH2A	HEATR7B1
STING1	TMEM173
GRHL2	DFNA28
GRHL2	TFCP2L3
CTU2	C16orf84
WDPCP	C2orf86
EMC4	TMEM85
CCDC174	C3orf19
MEX3C	RKHD2
GSAP	PION
ZFP69B	ZNF643
LYRM7	C5orf31
NDUFAF2	NDUFA12L
ADRA2A	ADRA2
ADRA2A	ADRA2R
GSDME	DFNA5
CPTP	GLTPD1
PRRC2B	KIAA0515
PRRC2B	BAT2L
PRRC2B	BAT2L1
GPAT3	AGPAT9
CFAP300	C11orf70
ADRA2B	ADRA2L1
ADRA2B	ADRA2RL1
RHNO1	C12orf32
CEP19	C3orf34
COX14	C12orf62
TXNDC17	TXNL5
UTP23	C8orf53
NXPE3	FAM55C
PHYKPL	AGXT2L2
PCGF5	RNF159
MFSD12	C19orf28
ADRA2C	ADRA2L2
ADRA2C	ADRA2RL2
LRRIQ3	LRRC44
ZFC3H1	PSRC2
ZFC3H1	CCDC131
AUNIP	C1orf135
THOC6	WDR58
ENKUR	C10orf63
TMEM67	MKS3
TRMT10A	RG9MTD2
DENND1B	FAM31B
DENND1B	C1orf218
KMT5C	SUV420H2
DGAT1	DGAT
CCNQ	FAM58A
FAAP24	C19orf40
DGCR8	C22orf12
TMEM43	ARVD5
NOA1	C4orf14
MFSD8	CLN7
DGKA	DAGK
DGKA	DAGK1
CATSPERE	C1orf101
ADRB1	ADRB1R
SETD9	C5orf35
BEND2	CXorf20
GLIS3	ZNF515
CEP112	CCDC46
EOGT	C3orf64
NXPE1	FAM55A
IL34	C16orf77
DGKG	DAGK3
KIAA0825	C5orf36
TMCO5A	TMCO5
DGKQ	DAGK4
MEIOB	C16orf73
FRMPD2	PDZD5C
FRMPD2	PDZK5C
DHCR24	DCE
ADRB2	ADRB2R
DHCR7	SLOS
ARMCX4	CXorf35
TEX26	C13orf26
NDUFAF6	C8orf38
CTAGE6	CTAGE6P
DIS3L2	FAM6A
ISCA1	HBLD2
SLC9C2	SLC9A11
STKLD1	C9orf96
CYBC1	C17orf62
TICRR	C15orf42
PAGR1	C16orf53
APOO	FAM121B
CYB5R3	DIA1
CCDC190	C1orf110
PRR14L	C22orf30
NQO1	NMOR1
NQO1	DIA4
ILDR1	DFNB42
DIAPH1	DFNA1
DRAM2	TMEM77
SHLD2	FAM35A
METTL18	C1orf156
AP1AR	C4orf16
NDUFAF7	C2orf56
DIO1	TXDI1
OLA1	GTPBP9
IRGC	IRGC1
DIO3	TXDI3
SYCE1	C10orf94
PPP1R32	C11orf66
PATJ	INADL
GRK2	ADRBK1
DKC1	DKC
ITIH6	ITIH5L
CCDC22	CXorf37
WDR45	WDRX1
CEP170	KIAA0470
EDAR	ED3
EDAR	DL
EMC1	KIAA0090
DLAT	DLTA
URB2	KIAA0133
SPIDR	KIAA0146
ZC3H3	ZC3HDC3
IST1	KIAA0174
GSE1	KIAA0182
DLD	LAD
DLD	GCSL
TUT4	ZCCHC11
HMGXB3	HMGX3
TMEM94	KIAA0195
WASHC5	SPG8
WASHC5	KIAA0196
LPGAT1	FAM34A
ZNF592	SCAR5
LARP4B	KIAA0217
LARP4B	LARP5
RUBCN	KIAA0226
PIEZO1	FAM38A
ABCA1	ABC1
ABCA1	HDLDT1
GRK3	ADRBK2
C2CD2L	TMEM24
NEMP1	TMEM194
NEMP1	TMEM194A
TRIM66	C11orf29
SEC16A	KIAA0310
FRMPD4	PDZK10
FRMPD4	PDZD10
ZNF629	ZNF65
KDM6B	JMJD3
CLEC16A	KIAA0350
SPECC1L	CYTSA
SGSM2	RUTBC1
TTI1	KIAA0406
RRP8	KIAA0409
PPIP5K2	HISPPD1
PPIP5K2	DFNB100
PLCH2	PLCL4
RPRD2	KIAA0460
SZT2	C1orf84
SZT2	KIAA0467
DSTYK	RIPK5
DSTYK	SPG23
DENND4B	KIAA0476
IQSEC2	MRX1
IQSEC2	MRX78
IQSEC2	MRX18
GPATCH8	KIAA0553
GPATCH8	GPATC8
VWA8	KIAA0564
CEP68	KIAA0582
IFT140	WDTC2
KDM1A	AOF2
KDM1A	KDM1
CEP135	KIAA0635
CEP135	CEP4
ATG13	KIAA0652
ZC3H11A	ZC3HDC11A
CLUH	KIAA0664
RRP12	KIAA0690
ANKLE2	KIAA0692
DDHD2	SAMWD1
DLST	DLTS
FCHSD2	SH3MD3
TMEM63A	KIAA0792
MTCL1	KIAA0802
MTCL1	CCDC165
MTCL1	SOGA2
VPS8	KIAA0804
FRYL	KIAA0826
KDM4B	JMJD2B
MAU2	KIAA0892
TMEM131L	KIAA0922
PHLPP2	PHLPPL
DIP2C	KIAA0934
ICE1	KIAA0947
SBNO2	KIAA0963
FASTKD2	KIAA0971
TRAPPC8	KIAA1012
DLX4	DLX7
DLX4	DLX9
FAN1	KIAA1018
FAN1	MTMR15
MINAR1	KIAA1024
WASHC4	KIAA1033
RAP1GAP2	GARNL4
PHF24	KIAA1045
PLCH1	PLCL3
ANKRD26	THC2
CAMSAP2	CAMSAP1L1
PPP6R1	KIAA1115
PPP6R1	SAPS1
TBC1D24	DFNB86
SVBP	CCDC23
ERMN	KIAA1189
CEMIP	KIAA1199
GRAMD1B	LINC01059
PRR12	KIAA1205
RALGAPB	KIAA1219
NWD2	KIAA1239
INTU	PDZK6
INTU	PDZD6
INTS2	KIAA1287
SH3PXD2B	KIAA1295
RTL9	RGAG1
DISP3	PTCHD2
NCEH1	AADACL1
IFT80	WDR56
CEP126	KIAA1377
MAP10	KIAA1383
MARCHF4	MARCH4
CFAP97	KIAA1430
DMD	MRX85
SLAIN2	KIAA1458
JCAD	KIAA1462
RELCH	KIAA1468
NYAP2	KIAA1486
HNRNPCL1	HNRPCL1
KANK2	MXRA3
KANK2	ANKRD25
CIP2A	KIAA1524
CCDC180	KIAA1529
CCDC180	C9orf174
UVSSA	KIAA1530
CAMSAP3	KIAA1543
CACHD1	VWCD1
SHTN1	KIAA1598
FAM160B1	KIAA1600
NCKAP5L	KIAA1602
WDFY4	C10orf64
DENND1A	KIAA1608
MEAK7	KIAA1609
MEAK7	TLDC1
DMPK	DM1
DMPK	DM
EPG5	KIAA1632
CCSER1	FAM190A
INTS5	KIAA1698
ASXL3	KIAA1713
SELENOI	EPT1
CEP295	KIAA1731
CFAP74	C1orf222
CFAP74	KIAA1751
UNK	ZC3HDC5
UNK	ZC3H5
ITPRIPL1	KIAA1754L
KNDC1	RASGEF2
KNDC1	C10orf23
SRRM4	KIAA1853
DNA2	DNA2L
PLIN4	KIAA1881
DCAF12L1	WDR40B
ELFN2	LRRC62
ELFN2	PPP1R29
SGSM1	RUTBC2
FAM171B	KIAA1946
PPP1R18	KIAA1949
DNAH12	DNHD2
DNAH12	DNAH12L
DNAH12	DNAH7L
NEXMIF	KIAA2022
GLMP	C1orf85
ZNF717	ZNF838
DNAH14	C1orf67
DNAH17	DNAHL1
DNAH2	DNHD3
TET1	CXXC6
KMT5A	SETD8
FCSK	FUK
GPSM2	DFNB82
PJVK	DFNB59
LCOR	C10orf12
DNAH6	DNHL1
GLDN	COLM
DNAH9	DNAH17L
NAA50	MAK3
NAA50	NAT13
ESYT1	FAM62A
NOB1	PSMD8BP1
VMP1	TMEM49
DNASE1	DNL1
DNASE1L1	DNL1L
TEX38	C1orf223
TEX38	ATPAF1-AS1
IRGM	IRGM1
DYNC1H1	DNECL
DYNC1H1	DNCL
DYNC1H1	DNCH1
DYNC2H1	DNCH2
DYNC1I1	DNCI1
DYNC1I2	DNCI2
IFT43	C14orf179
GNPTAB	GNPTA
PUM3	KIAA0020
DNM1	DNM
DNMT1	DNMT
TRDMT1	DNMT2
LAMTOR2	ROBLD3
MRTFB	MKL2
CCDC171	C9orf93
NSMF	NELF
CADM2	IGSF4D
CHRDL1	MGC1
ISCU	NIFUN
ICE2	NARG2
NDUFAF3	C3orf60
NUTM1	C15orf55
DXO	DOM3Z
CENPV	PRR6
DONSON	C21orf60
TENM2	ODZ2
TENM4	ODZ4
DPAGT1	DPAGT2
DPAGT1	DPAGT
AZIN2	ADC
DCAF6	IQWD1
JADE1	PHF17
DPH1	DPH2L
DPH1	DPH2L1
DPH2	DPH2L2
REEP6	C19orf32
DPP4	CD26
DPP4	ADCP2
NAMPT	PBEF1
PRAC2	C17orf93
PRAC2	NCRNA00253
PRAC2	HOXB13-AS1
PRAC2	HOXB-AS5
ZFAND6	ZA20D3
SLC26A3	DRA
SLC26A3	CLD
CRBN	MRT2A
ATP13A2	PARK9
UBAC1	UBADC1
SLC52A2	GPR172A
SLC52A1	GPR172B
WLS	C1orf139
WLS	GPR177
TUSC3	MRT22
LPCAT3	OACT5
LPCAT3	MBOAT5
QSOX2	QSCN6L1
DRD5	DRD1L2
SEC16B	LZTR2
ARID3A	DRIL1
UBR4	ZUBR1
TASOR	C3orf63
TASOR	FAM208A
ATN1	D12S755E
ATN1	DRPLA
DSC3	DSC4
KLHL40	KBTBD5
EXOC3	SEC6L1
EXOC4	SEC8L1
SELENOS	VIMP
TPRA1	GPR175
PSMG1	DSCR2
NAPRT	NAPRT1
PIGP	DSCR5
UBR3	ZNF650
DSG1	DSG
DNAAF3	C19orf51
DNAAF3	CILD2
WHAMM	WHDC1
USF3	KIAA2018
PRRT2	ICCA
PRRT2	DYT10
TSC22D3	DSIPI
EPYC	DSPG3
HAUS8	HICE1
DNAAF1	LRRC50
DSPP	DFNA39
DSPP	DGI1
DPH6	ATPBD4
FDX2	FDX1L
TXNL4A	TXNL4
MIB2	ZZANK1
PRAC1	C17orf92
PRAC1	PRAC
PPP1R21	CCDC128
PPP1R21	KLRAQ1
SPDYA	SPDY1
ELP5	C17orf81
SPSB3	C16orf31
TADA1	TADA1L
TSACC	C1orf182
DUSP1	PTPN10
UBA2	SAE2
TAB3	MAP3K7IP3
WDR36	GLC1G
TRAT1	TCRIM
TSHZ3	ZNF537
FAM71F1	FAM137A
MS4A14	MS4A16
CABS1	C4orf35
CSRNP3	FAM130A2
TMX2	TXNDC14
DUSP8	C11orf81
TARS2	TARSL1
DACT3	RRR1
KNSTRN	C15orf23
ELOA2	TCEB3B
MTERF2	MTERFD3
NAA15	NARG1
UBIAD1	SCCD
TMIE	DFNB6
ZBED8	C5orf54
SGO2	SGOL2
POC1B	WDR51B
KRT25	KRT25A
SNRNP200	ASCC3L1
SNRNP200	RP33
ITFG2	FGGAP1
ALG13	GLT28D1
ALG13	CXorf45
ATP5MD	USMG5
DYRK1A	DYRK1
DYRK1A	DYRK
DYRK1A	MNBH
DCAF7	WDR68
LINS1	LINS
LINS1	MRT27
ZC3H8	ZC3HDC8
ZG16	JCLN
TRMO	C9orf156
DYSF	LGMD2B
TOR1A	DYT1
GREB1L	KIAA1772
TMEM132A	HSPA5BP1
E2F1	RBBP3
LEFTY2	TGFB4
LEFTY2	EBAF
EBP	CDPX2
IDNK	C9orf103
GPR179	GPR158L1
PRSS57	PRSSL1
SLC9C1	SLC9A10
TRPV5	ECAC1
ECE1	ECE
TYMP	MNGIE
TYMP	ECGF1
AFG3L2	SCA28
EDA	ED1
EDA	EDA2
EDA	ODT1
S1PR1	EDG1
TMEM72	C10orf127
LPAR1	EDG2
ENO4	C10orf134
GRXCR1	DFNB25
LPAR2	EDG4
S1PR2	EDG5
S1PR2	DFNB68
AFP	HPAFP
S1PR4	EDG6
ZBTB7C	ZBTB36
BOD1L1	FAM44A
BOD1L1	BOD1L
TCHHL1	S100A17
TCHHL1	THHL1
EDNRB	HSCR2
EDNRB	HSCR
LINGO4	LRRN6D
PHC1	EDR1
KPRP	C1orf45
PHC2	EDR2
MICU2	EFHA1
EEF1A1	EF1A
EEF1A1	EEF1A
EEF1A1	LENG7
ACAN	MSK16
ACAN	CSPG1
ACAN	AGC1
EEF1A2	STNL
EEF1A2	STN
LCA5	C6orf152
METTL11B	C1orf184
ABCA2	ABC2
EEF2	EF2
APOBEC4	C1orf169
MTG1	GTPBP7
EFEMP1	DHRD
EFEMP1	FBNL
EFNA3	EPLG3
EFNA4	EPLG4
EFNB1	EPLG2
EFNB1	CFNS
EFNB2	EPLG5
EFNB3	EPLG8
CELSR3	EGFL1
C1QTNF12	C1QDC2
C1QTNF12	FAM132A
CELSR2	EGFL2
MBOAT4	OACT4
MEGF6	EGFL3
LURAP1	C1orf190
MEGF8	EGFL4
MEGF8	C19orf49
EGFL6	MAEG
EGFR	ERBB
ARL17B	ARL17
BDH2	DHRS6
EGR2	KROX20
LRRC75A	C17orf76
LRRC75A	FAM211A
EHD1	PAST1
SPEM1	C17orf83
EHD3	PAST3
EHHADH	ECHD
AGPAT2	BSCL
EIF1AX	EIF4C
EIF1AX	EIF1A
EIF2B1	EIF2B
AGO1	EIF2C1
AGO2	EIF2C2
AGO2	CASC7
EIF2S3	EIF2G
EIF3A	EIF3
EIF3A	EIF3S10
EIF3G	EIF3S4
EIF3F	EIF3S5
EIF3D	EIF3S7
GFRAL	C6orf144
EIF3C	EIF3S8
PNO1	KHRBP1
EIF3B	EIF3S9
EIF4E	EIF4EL1
AGRN	AGRIN
RNF207	C1orf188
SOWAHB	ANKRD56
EIF4G1	EIF4G
HAUS7	UCHL5IP
ABCA3	ABC3
CELA1	ELA1
ELANE	ELA2
SERPINB1	ELANH2
CSKMT	METTL12
ELAVL4	HUD
ELFN1	PPP1R28
ELF3	ESX
SEPTIN14	SEPT14
AGT	SERPINA8
EML1	EMAPL
MARK2	EMK1
ADGRE1	TM7LN3
ADGRE1	EMR1
ADGRE2	EMR2
CTTN	EMS1
GXYLT2	GLT8D4
ENAM	AIH2
KIAA1211L	C2orf55
EXOG	ENDOGL1
EXOG	ENDOGL2
ENG	ORW1
ENG	ORW
ENO1	ENO1L1
ENO1	MPB1
PALM2AKAP2	PALM2-AKAP2
NDUFAF8	C17orf89
ENPP1	NPPS
ENPP1	M6S1
ENPP1	PDNP1
ENPP2	PDNP2
ENPP3	PDNP3
AGTR1	AGTR1B
C2CD4A	FAM148A
ENTPD1	CD39
PEAR1	MEGF12
ENTPD2	CD39L1
ENTPD3	CD39L3
ENTPD5	CD39L4
ENTPD5	PCPH
ENTPD6	CD39L2
ENTPD6	IL6ST2
KHDC3L	C6orf221
MICOS13	C19orf70
METTL21C	C13orf39
POTEB	A26B1
EZHIP	CXorf67
CAVIN4	MURC
BNIP5	C6orf222
EPB41	EL1
LAMTOR4	C7orf59
MYMK	TMEM8C
PTRHD1	C2orf79
AGMO	TMEM195
AK9	C6orf224
AK9	AKD2
AK9	C6orf199
AK9	AKD1
AARD	C8orf85
COA5	C2orf64
EPHA1	EPHT
EPHA1	EPHT1
EPHA2	ECK
EPHA3	ETK
EPHA3	ETK1
EPHA3	TYRO4
EPHA4	TYRO1
POTEA	A26A1
APLNR	AGTRL1
ACOD1	IRG1
EPHA8	EEK
EPHB1	EPHT2
EPHB2	DRT
EPHB2	ERK
EPHB2	EPHT3
EPHB3	ETK2
EPHB4	HTK
ABCA4	STGD1
ABCA4	ABCR
ABCA4	RP19
ABCA4	STGD
EPHX1	EPHX
STX2	STX2B
STX2	STX2C
STX2	STX2A
STX2	EPIM
AGXT	SPAT
EPRS1	QPRS
EPRS1	EPRS
ERBB2	NGL
ERBB3	LCCS2
ERCC2	XPD
ARMH1	NCRNA00082
ARMH1	C1orf228
ERCC4	XPF
ERCC5	ERCM2
ERCC5	XPGC
ERCC6	CKN2
PCARE	C2orf71
ERCC8	CKN1
UQCC3	C11orf83
ERV3-1	ERV3
AHRR	AHH
AHRR	AHHR
ESR1	ESR
ESRRA	ESRL1
ESRRB	ESRL2
ESRRB	DFNB35
ETS1	EWSR2
MPZL2	EVA1
MECOM	MDS1
MECOM	EVI1
EXT1	LGCR
EXT1	LGS
EYA1	BOR
EYA4	DFNA10
EYA4	CMD1J
F13A1	F13A
F2RL1	GPR11
F8	F8C
FABP3	MDGI
FABP3	FABP11
ACSL1	FACL2
ACSL3	FACL3
ACSL4	FACL4
ACSL4	MRX63
ACSL4	MRX68
FADS1	LLCDL1
FADS2	LLCDL2
BPTF	FALZ
FANCA	FACA
FANCA	FANCH
FANCC	FACC
FANCE	FACE
FANCG	XRCC9
AIPL1	LCA4
FAT1	FAT
AIRE	APECED
FBN1	FBN
FBN1	MFS1
FBN1	WMS
FBN2	CCA
FBP1	FBP
FCER1A	FCE1A
FCER2	CD23A
FCER2	FCE2
FCGR2A	FCGR2A1
FKTN	FCMD
FDX1	FDX
FDXR	ADXR
MYOF	FER1L3
FGD1	FGDY
FGF1	FGFA
FGF12	FGF12B
AKAP1	PRKA1
FGF16	MF4
FGF2	FGFB
FGF3	INT2
FGF4	HSTF1
FGFR1	FLT2
FGFR1	KAL2
FGFR2	KGFR
FGFR2	BEK
FGFR2	CFD1
FGFR2	JWS
FGFR3	ACH
FGR	SRC2
ATP8B1	FIC1
ATP8B1	BRIC
ATP8B1	PFIC1
VEGFD	FIGF
KDM4E	KDM4DL
AKAP13	LBC
GOLGA6L10	GOLGA6L18
TEN1	C17orf106
INSYN2B	C5orf57
INSYN2B	FAM196B
CRPPA	ISPD
STPG3	C9orf173
FLNA	FLN1
FLNA	FLN
FLNA	OPD2
FLNA	OPD1
FLNB	FLN1L
FLNB	LRS1
FLNC	FLN2
FLOT2	M17S1
FLT1	FLT
FMN1	LD
FMN1	FMN
FMR1	POF1
FMR1	POF
AFF2	FMR2
FOLH1	FOLH
FOLR1	FOLR
FOXC1	FKHL7
FOXC1	IRID1
FOXC2	FKHL14
FOXD1	FKHL8
FOXE1	FKHL15
FOXE1	TITF2
FOXE1	FOXE2
FOXE3	FKHL12
FOXF1	FKHL5
AKR1B1	ALDR1
FOXF2	FKHL6
FOXG1	FKHL2
FOXG1	FOXG1B
FOXG1	FKHL4
FOXG1	FKH2
FOXG1	FKHL1
FOXG1	FOXG1C
FOXG1	FKHL3
FOXG1	FOXG1A
FOXI1	FKHL10
FOXJ1	FKHL13
FOXL1	FKHL11
FOXM1	FKHL16
FOXO1	FKHR
FOXO1	FOXO1A
FOXO3	FKHRL1
FOXO3	FOXO3A
FPR2	FPRL1
AKR1C1	DDH1
AKR1C2	DDH2
AKR1C2	TDD
AKR1C3	HSD17B5
BECN2	BECN1P1
AKR1C4	CHDR
AKR1D1	SRD5B1
MTOR	FRAP
MTOR	FRAP2
MTOR	FRAP1
FXN	FRDA
NCS1	FREQ
ALAS1	ALAS3
ALAS1	ALAS
CENPI	FSHPRH1
FSHR	ODG1
ALAS2	ASB
FTH1	FTHL6
ALDH1L1	FTHFD
ABCB1	PGY1
ABCB1	MDR1
ABCB1	CLCS
PET100	C19orf79
FUBP1	FUBP
MCIDAS	MCIN
FUS	ALS6
FUT1	H
FUT1	HSC
FUT2	SE
FUT3	LE
FUT4	CD15
FUT4	FCT3A
FUT4	ELFT
ALDH1A1	PUMB1
ALDH1A1	ALDH1
KDSR	FVT1
FXR2	FMR1L2
FXYD2	ATP1G1
FXYD2	HOMG2
ALDH3A2	SLS
ALDH3A2	ALDH10
ACKR1	FY
ACKR1	DARC
FYB1	FYB
FZD5	C2orf31
ALDH3A1	ALDH3
ISG15	G1P2
XRCC6	G22P1
G6PC	G6PT
SLC37A4	G6PT1
SLC37A4	G6PT2
SLC37A4	G6PT3
GAB1	DFNB26
ALDH1B1	ALDH5
ALDH1A3	ALDH6
GAD1	GAD
GADD45A	DDIT1
PAGE1	GAGEB1
PAGE4	GAGEC1
GAL	GALN
B4GALNT1	GALGT
B4GALNT1	SPG26
GALK1	GALK
ALDH9A1	ALDH7
ALDH9A1	ALDH9
LRRC32	D11S833E
LRRC32	GARP
GAST	GAS
GAS8	GAS11
GAS6	AXLLG
GATA1	GF1
GBA	GLUC
PROB1	C5orf65
GCH1	GCH
GCH1	DYT5
GCH1	DYT14
GCK	MODY2
GCM1	GCMA
GCM2	GCMB
GCN1	GCN1L1
ABCB11	BSEP
ABCB11	PFIC2
KAT2A	GCN5L2
GCNT1	NACGT2
GCNT2	NACGT1
GCNT2	II
GCNT2	GCNT5
GCNT2	CCAT
OPN1MW	GCP
OPN1MW	CBD
GDF6	SGM1
MSTN	GDF8
GDI1	MRX48
GDI1	MRX41
GDI1	GDIL
GFI1	ZNF163
GFPT1	GFPT
GFRA1	GDNFRA
GGT1	GGT
GGT5	GGTLA1
GHRH	GHRF
CBLIF	GIF
GJA1	ODDD
GJA1	GJAL
GJA3	CZP3
GJC1	GJA7
GJA8	CAE1
GJA8	CZP1
GJA8	CAE
GJB1	CMTX1
GJB1	CMTX
GJB2	DFNB1
GJB3	EKV
GJB6	ED2
GK2	GKP2
GLB1	ELNR1
TAP1	ABCB2
GCLC	GLCLC
GCLC	GLCL
GCLM	GLCLR
GLE1	GLE1L
GLE1	LCCS1
GLI1	GLI
GLI3	GCPS
GLI3	PHS
GLRA1	STHE
GLRA2	GLR
BICRA	GLTSCR1
NOP53	GLTSCR2
GLUD1	GLUD
GLUD2	GLUDP1
GLUL	GLNS
GNA11	HHC2
ALPL	HOPS
GNAI2	GNAI2B
GNAS	GNAS1
RACK1	GNB2L1
TAP2	ABCB3
ALPG	ALPPL2
GNLY	LAG2
GNRH1	GRH
GNRH1	GNRH
GNRH1	LHRH
GNRHR	GRHR
ALS2	ALS2CR6
GP1BA	GP1B
SETX	ALS4
SETX	SCAR1
GPC3	SDYS
PRLHR	GPR10
UTS2R	GPR14
ZBED1	ALTE
CCR10	GPR2
LPAR4	GPR23
MCHR1	GPR24
GPER1	CMKRL2
GPER1	GPR30
GPER1	GPER
ALX3	FND
FFAR3	GPR41
ABCB4	PGY3
ABCB4	MDR3
ALX4	PFM2
FFAR2	GPR43
PTGDR2	GPR44
LGR5	GPR67
LGR5	GPR49
GABBR2	GPR51
KISS1R	GPR54
ADGRG1	GPR56
ADGRG2	GPR64
NMUR1	GPR66
NPBWR1	GPR7
GPR83	GPR72
PROKR1	GPR73
NPFFR2	GPR74
C5AR2	GPR77
AMBP	ITI
AMBP	ITIL
OXGR1	GPR99
OXGR1	GPR80
CXCR3	GPR9
SUCNR1	GPR91
GRK4	GPRK2L
GRK5	GPRK5
TECR	SC2
TECR	GPSN2
GPX6	GPXP3
RAPGEF1	GRF2
GRHPR	GLXR
GRIA1	GLUR1
GRIA2	GLUR2
GRIA3	GLUR3
GRIA4	GLUR4
GRIK1	GLUR5
GRIK2	GLUR6
GRIK4	GRIK
GRIN1	NMDAR1
GRIN2A	NMDAR2A
GRIN2B	NMDAR2B
GRIN2C	NMDAR2C
GRIN2D	NMDAR2D
ARHGAP35	GRLF1
CXCL1	MGSA
CXCL1	GRO1
CXCL1	FSP
PDIA3	GRP58
AMELX	AMG
AMELX	AIH1
GSTM1	GST1
GSTP1	FAEES3
GSTP1	GST3
GTF2I	WBSCR6
GTF2IRD1	WBSCR11
GUCA1A	GUCA
GUCA1A	GUCA1
GUCA1A	C6orf131
GUCY1A2	GUC1A2
GUCY1A1	GUC1A3
GUCY1A1	GUCY1A3
GUCY2C	GUC2C
GUCY2D	CORD6
GUCY2D	LCA
GUCY2D	GUC2D
GUCY2D	GUC1A4
GYG1	GYG
GYS1	GYS
GZMA	HFSP
GZMA	CTLA3
GZMB	CTLA1
GZMB	CSPB
GZMH	CTSGL2
H1-4	H1F4
H1-4	HIST1H1E
H2AC16	H2AFI
H2AC16	HIST1H2AL
H2AC17	H2AFN
H2AC17	HIST1H2AM
AMY1A	AMY1
MACROH2A1	H2AFY
H2AZ1	H2AZ
H2AZ1	H2AFZ
H3-3A	H3F3
H3-3A	H3F3A
H3-3B	H3F3B
H3C1	H3FA
H3C1	HIST1H3A
H3C11	H3FF
H3C11	HIST1H3I
H4C6	H4FC
H4C6	HIST1H4F
H4C12	H4FD
H4C12	HIST1H4K
H4C11	H4FE
H4C11	HIST1H4J
H4C3	H4FG
H4C3	HIST1H4C
H4C2	H4FI
H4C2	HIST1H4B
H4C9	H4FM
H4C9	HIST1H4I
H6PD	GDH
HADH	HADHSC
ABCB7	ABC7
HSD17B10	HADH2
HSD17B10	MRXS10
HAL	HIS
HAO1	GOX1
HAP1	HAP2
KALRN	HAPIP
HARS1	USH3B
HARS1	HARS
HARS2	HARSL
HAS1	HAS
HCCS	MLS
SERPIND1	HCF2
HCFC1	HFC1
HCFC1	MRX3
HCN1	BCNG1
HCN2	BCNG2
HTT	HD
HDAC1	RPD3L1
HDLBP	VGL
CFH	HF
CFH	HF1
CFH	HF2
HJV	HFE2
ANGPTL1	ANGPT3
CFHR2	HFL3
CFHR2	CFHL2
HGD	AKU
HGF	DFNB39
HHEX	PRHX
ANGPTL3	ANGPT5
HINT1	PRKCNH1
HINT1	HINT
UBE2K	HIP2
HIRA	TUPLE1
ANK1	ANK
HIVEP1	ZNF40
PFDN6	HKE2
SLC39A7	HKE4
ZNF875	HKR1
ANK2	LQT4
ZBTB48	HKR3
HLA-B	AS
HLA-DOA	HLA-DZA
HLA-DOA	HLA-DNA
HLA-DPA1	HLA-DP1A
HLA-DPB1	HLA-DP1B
HLA-DQB2	HLA-DXB
HLA-DRA	HLA-DRA1
HLA-DRB1	HLA-DR1B
RIPK4	ANKRD3
TRPA1	ANKTM1
MR1	HLALS
HLX	HLX1
MNX1	HLXB9
HMBS	PBGD
HMBS	UPS
HMBS	PORC
HMGB1	HMG1
HMGN1	HMG14
ANPEP	CD13
ANPEP	PEPN
HMGB3	HMG4
HMGA2	HMGIC
HMGA1	HMGIY
FOXA1	HNF3A
FOXA2	HNF3B
HNF4A	TCF14
HNF4A	MODY
HNF4A	MODY1
HNRNPA0	HNRPA0
HNRNPA1	HNRPA1
HNRNPA2B1	HNRPA2B1
HNRNPD	AUF1
HNRNPD	HNRPD
HNRNPDL	HNRPDL
HNRNPDL	LGMD1G
HNRNPH1	HNRPH1
HNRNPH2	HNRPH2
HNRNPK	HNRPK
HNRNPL	HNRPL
HNRNPM	NAGR1
HNRNPM	HNRPM
HNRNPR	HNRPR
HNRNPU	HNRPU
HNRNPU	HNRNPU-AS1
HNRNPU	C1orf199
HNRNPU	NCRNA00201
TLX2	HOX11L1
HOXA1	HOX1F
ABCC1	MRP
ABCC1	MRP1
HOXA10	HOX1H
HOXA11	HOX1I
HOXA13	HOX1J
HOXA2	HOX1K
HOXA5	HOX1C
HOXA9	HOX1G
HOXB1	HOX2I
HOXB6	HOX2B
HOXB8	HOX2D
HOXB9	HOX2E
HOXC10	HOX3I
HOXC13	HOX3G
HOXC5	HOX3D
HOXC9	HOX3B
HOXD10	HOX4D
HOXD11	HOX4F
HOXD13	HOX4I
HOXD13	SPD
HOXD3	HOX4A
HOXD3	HOX1D
HOXD4	HOX4B
HOXD9	HOX4C
HPCA	DYT2
HPD	PPD
HPRT1	HPRT
HPS1	HPS
HR	ALUNC
HRAS	HRAS1
ERAS	HRAS2
ERAS	HRASP
AGFG1	HRB
PRMT2	HRMT1L1
PRMT1	HRMT1L2
PRMT8	HRMT1L4
HES1	HRY
HS6ST1	HS6ST
HSD11B1	HSD11B
HSD11B1	HSD11
HSD17B1	EDHB17
HSD17B1	EDH17B2
HSD3B1	HSDB3
HSD3B1	HSD3B
HSF4	CTM
DNAJB2	HSJ1
HSPA1A	HSPA1
HSPA5	GRP78
HSPA8	HSPA10
HSPA9	HSPA9B
HSP90AA1	HSPC1
HSP90AA1	HSPCA
HSP90AB1	HSPC2
HSP90AB1	HSPCB
HSPD1	SPG13
DNAJB1	HSPF1
HSPG2	SJS1
KAT5	HTATIP
FOXN2	HTLF
HTR1A	ADRB2RL1
HTR1A	ADRBRL1
HTR1D	HTRL
HTR2A	HTR2
HTR2C	HTR1C
HTR3A	HTR3
ABCC2	CMOAT
TNC	HXB
TNC	DFNA56
ANXA1	ANX1
ANXA1	LPC1
IARS1	IARS
NOD2	IBD1
NOD2	CARD15
ICAM4	LW
ANXA11	ANX11
IRF8	ICSBP1
IDS	SIDS
CFI	IF
SP110	IFI41
SP110	IFI75
IFIT1	G10P1
IFIT1	IFI56
IFIT1	IFNAI1
IFIT2	IFI54
IFIT2	G10P2
ANXA3	ANX3
IFIT3	IFIT4
ANXA4	ANX4
ANXA5	ENX2
ANXA5	ANX5
IFNAR1	IFNAR
IFNAR2	IFNABR
IFNB1	IFNB
IFNGR1	IFNGR
ANXA6	ANX6
IFNGR2	IFNGT1
ANXA7	ANX7
IGBP1	IBP1
IGF2	C11orf43
AP1B1	ADTB1
AP1B1	CLAPB2
AP1G1	CLAPG1
AP1G1	ADTG
AP1S1	CLAPS1
AP1S1	EKV3
AP1S2	MRX59
AP1S2	MRXS5
AP1S2	PGS
AP2A1	CLAPA1
AP2A1	ADTAA
AP2B1	ADTB2
AP2B1	CLAPB1
AP2M1	CLAPM1
AP2S1	CLAPS2
AP2S1	HHC3
ABCC6	ARA
ABCC6	PXE
AP4B1	SPG47
RBPJ	IGKJRB1
RBPJ	RBPSUH
APBA1	MINT1
APBA2	X11L
APBA2	MINT2
APBB1	RIR
APEX1	APEX
IGLL1	IGLL
ATG5	APG5L
ABCC8	SUR
ABCC8	HRINS
BIRC3	API2
XIAP	API3
XIAP	BIRC4
CD101	IGSF2
CADM1	TSLC1
CADM1	IGSF4
ELP1	DYS
ELP1	IKBKAP
IKBKG	IP2
IKBKG	IP1
IL10RA	IL10R
IL10RB	CRFB4
IL10RB	D21S58
IL10RB	D21S66
IL12A	NKSF1
IL12B	NKSF2
IL12RB1	IL12RB
APLP2	APPL2
IL17A	CTLA8
IL17A	IL17
IL17RA	IL17R
IL1A	IL1
IL1R1	IL1R
IL1R1	IL1RA
IL1R2	IL1RB
IL1RAPL1	IL1RAPL
IL1RAPL1	MRX34
IL1RAPL1	MRX21
IL1RAPL1	MRX10
IL20RB	FNDC6
IL2RA	IL2R
IL2RA	IDDM10
IL2RB	IL15RB
IL2RG	SCIDX1
IL2RG	IMD4
IL2RG	CIDX
IL5RA	IL5R
IL6	IFNB2
CXCL8	IL8
CXCR1	CMKAR1
CXCR1	IL8RA
CXCR2	IL8RB
FOXK2	ILF
FOXK2	ILF1
IMPA1	IMPA
IMPDH1	RP10
IMPG1	SPACR
INA	NEF5
IDO1	IDO
IDO1	INDO
INPP4A	INPP4
INS	IDDM2
INS	IDDM1
INSL3	RLNL
ABCD1	ALD
FOXP3	IPEX
PDX1	IPF1
IRF6	VWS
IRF6	LPS
APOE	AD2
IRF9	ISGF3G
ITGA2	CD49B
ITGA2B	GP2B
ITGA3	MSK18
ITGA4	CD49D
ITGA5	FNRA
ITGAL	CD11A
ITGAM	CR3A
ITGAM	CD11B
ITGAV	VNRA
ITGAV	MSK8
ITGAV	VTNR
ITGAX	CD11C
ITGB1	FNRB
ITGB1	MSK12
ITGB1	MDF2
ITGB2	CD18
ITGB2	MFI7
ITGB3	GP3A
APOH	B2G1
ITIH4	ITIHL1
STT3A	ITM1
ITPA	C20orf37
APOL1	APOL
ITPR1	SCA15
ITPR1	SCA16
ITPR1	SCA29
ITSN1	SH3D1A
ITSN1	ITSN
ITSN2	SH3D1B
JAG1	AGS
JAG1	JAGL1
JAK1	JAK1B
JARID2	JMJ
APP	AD1
JUP	CTNNG
CD82	ST6
CD82	KAI1
ANOS1	KAL
ANOS1	ADMLX
ANOS1	KAL1
KARS1	DFNB89
KARS1	KARS
KCNA1	AEMK
KCNA4	KCNA4L
KCNC3	SCA13
KCNC4	C1orf30
KCND3	SCA22
KCND3	SCA19
KCNE5	KCNE1L
KCNF1	KCNF
KCNH2	LQT2
KCNJ6	KCNJ7
KCNMA1	SLO
KCNMB3	KCNMB2
KCNMB3	KCNMBL
KCNQ1	LQT
KCNQ1	KCNA9
KCNQ3	EBN2
SHROOM2	APXL
KERA	CNA2
KIF1C	SAX2
KIF2A	KIF2
KIF5A	SPG10
KIF5B	KNS1
AQP1	CO
KIR3DL1	KIR
KIT	PBT
KITLG	MGF
KLF5	BTEB2
KLK3	APS
KLK4	PRSS17
KLK6	PRSS9
KLK6	PRSS18
KLK7	PRSS6
KLRB1	NKR
KNG1	KNG
KNG1	BDK
KLC1	KNS2
KIF11	KNSL1
KIFC1	KNSL2
AQP6	AQP2L
KIF25	KNSL3
KIF22	KNSL4
KIF23	KNSL5
KPNA2	RCH1
AQP7	AQP7L
TNPO1	KPNB2
IPO5	KPNB3
IPO5	RANBP5
KRAS	KRAS2
MAFB	KRML
KRT1	EHK1
KRT10	KPP
KRT14	EBS3
KRT14	EBS4
KRT17	PCHC1
KRT2	KRT2A
AR	DHTR
AR	SBMA
KRT4	CYK4
KRT5	EBS2
KRT6B	KRTL1
KRT31	KRTHA1
KRT33A	KRTHA3A
KRT36	KRTHA6
KRT81	KRTHB1
KRT82	KRTHB2
ARAF	ARAF1
KRT83	KRTHB3
KRT85	KRTHB5
KRT86	KRTHB6
L1CAM	HSAS1
L1CAM	SPG1
L1CAM	HSAS
L1CAM	MASA
L1CAM	MIC5
L1CAM	S10
AFF3	LAF4
LAMA1	LAMA
LAMA2	LAMM
LAMA3	LAMNA
LAMB1	CLM
LAMB2	LAMS
ARCN1	COPD
LAMB3	LAMNB1
LAMC2	EBR2
LAMC2	LAMB2T
LAMC2	LAMNB2
LAMC2	EBR2A
RPSA	LAMR1
LANCL1	GPR69A
LANCL2	GPR69B
AREG	SDGF
AREG	AREGB
LARGE1	LARGE
LARS1	LARS
COG1	LDLB
COG2	LDLC
LEFTY1	LEFTB
LEP	OBS
LEP	OB
LGI1	EPT
LHCGR	HHG
LHFPL3	LHFPL4
ABCD2	ALDL1
LIG3	LIG2
LMAN1	F5F8D
LMNA	LMN1
LMNA	CMD1A
LMNA	LGMD1B
LMNA	PRO1
LMNA	LMNL1
LMNB2	LMN2
LMO1	RBTN1
LMO2	RBTNL1
LMO3	RBTNL2
PRICKLE3	LMO6
LMO7	FBXO20
LMX1A	LMX1
LMX1B	NPS1
LNX1	LNX
LORICRIN	LOR
LPA	LP
RHOA	ARH12
RHOA	ARHA
LPL	LIPD
LRP1	APR
LRP1	A2MR
LRP1	IGFBP3R1
LRP1	IGFBP-3R
LRP5	LRP7
LRP5	OPPG
ABCD3	PXMP1
RHOD	ARHD
LRPAP1	A2MRAP
LRPAP1	RAP
LTA	TNFB
RND3	ARHE
LTB	TNFC
LTB4R	P2RY7
LTB4R	GPR16
LTB4R	CMKRL1
LTBR	D12S370
BCAM	LU
CD180	LY64
NCR2	LY95
NBR1	M17S2
ARHGAP5	GFI2
MARCKS	MACS
SMAD1	MADH1
SMAD2	MADH2
SMAD3	MADH3
SMAD4	MADH4
SMAD7	MADH8
SMAD9	MADH9
ARHGDIA	GDIA1
MAG	GMA
MAGEA1	MAGE1
ABCD4	PXMP1L
MAGEA3	MAGE3
MAGEA4	MAGE4
MAGEA6	MAGE6
MAGEL2	NDNL1
MALT1	MLT
MAN2A1	MANA2
MAN2B1	MANB
MAP1A	MAP1L
MAP2K1	PRKMK1
MAP2K2	PRKMK2
MAP2K3	PRKMK3
MAP2K4	SERK1
MAP2K5	PRKMK5
MAP2K7	PRKMK7
MAP3K1	MEKK1
MAP3K10	MLK2
ARHGEF6	MRX46
MAP3K12	ZPK
MAP3K2	MEKK2
MAP3K3	MEKK3
MAP3K4	MEKK4
MAP3K5	MEKK5
MAP3K7	TAK1
RHOH	ARHH
MAP3K8	COT
MAP3K8	ESTF
MAP4K2	RAB8IP
MAP4K3	RAB8IPL1
MAPK1	PRKM2
MAPK1	PRKM1
MAPK10	PRKM10
MAPK11	PRKM11
MAPK12	SAPK3
MAPK13	PRKM13
MAPK14	CSPB1
MAPK14	CSBP1
MAPK14	CSBP2
MAPK3	PRKM3
MAPK7	PRKM7
MAPK8	PRKM8
MAPK8IP1	PRKM8IP
MAPK8IP2	PRKM8IPL
MAPT	DDPAC
MAPT	MAPTL
MARS1	MARS
ABCE1	RNASEL1
ABCE1	RNASELI
ABCE1	RNS4I
MASP1	CRARF
MASP1	PRSS5
MASP2	MASP1P1
MATN1	CRTM
MATN1	CMP
PHOX2A	ARIX
PHOX2A	FEOM2
MATR3	MPD2
MBL2	MBL
MBNL1	MBNL
CHST6	MCDC1
MCM2	CCNL1
MCM2	CDCL1
MCM4	CDC21
MCM5	CDC46
CD46	MIC10
CD46	MCP
DNAJB9	MDG1
ARL6IP1	ARL6IP
ARL4C	ARL7
MECP2	RTT
MECP2	MRX16
MECP2	MRX79
MEFV	MEF
ABCF1	ABC50
METTL1	C12orf1
MFGE8	SPAG10
MELTF	MFI2
MGAT1	MGAT
MGAT1	GLYT1
OGA	MGEA5
MGST1	GST12
CIITA	MHC2TA
CD99	MIC2
MIF	GLIF
CXCL9	CMK
CXCL9	MIG
MITF	WS2A
MITF	WS2
ATXN3	SCA3
ATXN3	MJD
MKKS	BBS6
MKNK2	GPRK7
MKRN3	ZNF127
MKRN3	D15S9
ARRB2	ARR2
MKS1	MKS
MLH1	COCA2
KMT2A	MLL
KMT2D	TNRC21
KMT2D	MLL2
AFF1	PBM1
AFF1	MLLT2
AFDN	MLLT4
FOXO4	MLLT7
MARCKSL1	MLP
TRPM1	MLSN1
GSDMC	MLZE
MMP1	CLG
MMP10	STMY2
MMP11	STMY3
MMP16	C8orf57
MMP19	MMP18
MMP2	CLG4
MMP2	CLG4A
MMP3	STMY1
MMP3	STMY
MMP7	MPSL1
MMP8	CLG1
MMP9	CLG4B
MMRN1	MMRN
ALDH6A1	MMSDH
MN1	MGCR
ARSL	CDPX
ARSL	CDPX1
ARSL	ARSE
MORC1	MORC
KIF20B	MPHOSPH1
MPP1	DXS552E
MPZ	CMT1
MPZ	CMT1B
MRC1	MRC1L1
MRE11	MRE11A
ART4	DO
MS4A1	CD20
MS4A2	FCER1B
MS4A2	IGER
MS4A2	APY
SEPTIN9	MSF
SEPTIN9	SEPT9
MSH2	COCA1
MSH6	GTBP
ASAH1	ASAH
NAAA	ASAHL
MSL3	MSL3L1
MST1	D3F15S2
MST1	HGFL
MST1	DNF15S2
MST1R	RON
MST1R	PTK8
MST1R	SEA
MSX1	HOX7
MSX2	PFM1
MT1F	MT1
MTHFD1	MTHFC
MTHFD1	MTHFD
ASH2L	ASH2L1
ASIP	AGTIL
MTMR2	CMT4B
MTTP	MTP
MTX1	MTX
MUC1	PUM
MUC1	MCKD1
MUC12	MUC11
MUC5B	MUC5
GET3	ASNA1
CDHR5	MUCDHL
CDHR5	MUPCDH
TRIM37	MUL
MMUT	MUT
MYBPC3	CMH4
MYCN	NMYC
MYH2	IBM3
MYH7	CMH1
MYH7	MPD1
MYH9	DFNA17
ASS1	ASS
MYO15A	DFNB3
MYO15A	MYO15
MYO1A	MYHL
MYO1A	DFNA48
ABL1	ABL
MYO3A	DFNB30
MYO5A	MYH12
MYO6	DFNA22
MYO6	DFNB37
MYO7A	USH1B
MYO7A	DFNB2
MYO7A	DFNA11
MYO9B	CELIAC4
MYOC	GLC1A
MYOD1	MYF3
MYOG	MYF4
PPP1R12A	MYPT1
MYT1	PLPB1
NAIP	BIRC1
NARS1	NARS
NAT1	AAC1
NAT2	AAC2
NBN	NBS
NBN	NBS1
NCK1	NCK
NSMCE3	NDNL2
NDP	EVR2
NDRG1	CAP43
NDST1	HSST
NDUFA9	NDUFS2L
ABL2	ABLL
NEB	NEM2
SEPTIN2	DIFF6
SEPTIN2	NEDD5
SEPTIN2	SEPT2
ASTN1	ASTN
NEFM	NEF3
SERPINC1	AT3
NEU1	NEU
NEUROD1	NEUROD
NEUROG1	NEUROD3
ZFHX3	ATBF1
ZFHX3	C16orf47
NFE2L1	TCF11
NFIL3	IL3BP1
NFKBIA	NFKBI
TONSL	NFKBIL2
NGF	NGFB
NID1	NID
NKX2-4	NKX2D
NKX3-1	NKX3A
NKX6-1	NKX6A
ATF2	CREB2
NQO2	NMOR2
ATF4	TXREB
NOG	SYNS1
NOG	SYM1
NOP2	NOL1
NOS1	NOS
NOS2	NOS2A
CNOT1	NOT1
CNOT2	NOT2
CNOT3	NOT3
NOTCH1	TAN1
NOTCH3	CADASIL
NOTCH4	INT3
CCN3	NOV
NOVA2	NOVA3
PNP	NP
NPHP1	NPH1
NPPA	ANP
NPPA	PND
NPR1	ANPRA
NPR1	NPRA
NPR2	ANPRB
NPR2	NPRB
NPR2	AMDM
NPR3	NPRC
NPR3	ANPRC
NPR3	C5orf23
ATM	ATA
ATM	ATDC
ATM	ATC
ATM	ATD
NPY1R	NPYR
NR0B1	AHC
NR0B1	DSS
NR1D1	THRAL
NR1H2	UNR
NR2C2	TR4
NR2F1	ERBAL3
NR2F1	TFCOUP1
NR2F2	ARP1
NR2F2	TFCOUP2
NR3C1	GRL
NR3C2	MLR
NR4A1	HMR
NR4A1	GFRP1
NR4A2	NURR1
NR5A1	FTZF1
NR5A2	FTF
NR6A1	GCNF
NRBP1	NRBP
NRDC	NRD1
NRG1	HGL
NRG1	NRG1-IT2
AOC1	ABP1
ATP1A2	MHP2
ATP1A3	DYT12
NRXN3	C14orf60
CNTNAP1	NRXN4
HMGN5	NSBP1
NT5E	NT5
NT5C2	NT5B
NT5C2	SPG45
NTF4	NTF5
ATP1B1	ATP1B
NUDT2	APAH1
NUMB	C14orf41
FRMD7	NYS
FRMD7	NYS1
NYX	CSNB1
NYX	CSNB4
OAS1	OIAS
TBC1D25	OATL1
OCA2	D15S12
OCA2	P
OCA2	EYCL3
OCA2	EYCL2
ATP2A1	ATP2A
OSR1	ODD
TENM1	TNM
TENM1	ODZ1
ATP2A2	ATP2B
ATP2A2	DAR
ONECUT1	HNF6
ONECUT1	HNF6A
OPHN1	MRX60
SIGMAR1	OPRS1
ATP2B3	SCAX1
ATP2B3	CLA2
OR10C1	OR10C2
OR1F1	OR1F4
OR1F1	OR1F6
OR1F1	OR1F7
OR1F1	OR1F8
OR1F1	OR1F9
OR1F1	OR1F5
OR1F1	OR1F10
OR1F1	OR1F13P
OR1N1	OR1N3
ATP5F1A	ATP5AL2
ATP5F1A	ATPM
ATP5F1A	ATP5A1
OR2A5	OR2A8
OR2A5	OR2A26
ATP5F1D	ATP5D
ATP5F1E	ATP5E
OR7D4	OR7D4P
ACACA	ACAC
ACACA	ACC
ATP5MC3	ATP5G3
ORC1	ORC1L
ORC4	ORC4L
SLC22A14	ORCTL4
OSBP2	OSBPL1
ATP6V1A	VPP2
ATP6V1A	ATP6A1
ATP6V1A	ATP6V1A1
CLDN11	OTM
OTOF	DFNB9
OVGP1	MUC9
OXCT1	OXCT
OXT	OT
ATP6V1B1	ATP6B1
ATP6V1B2	ATP6B2
P4HA1	P4HA
P4HB	PO4DB
P4HB	ERBA2L
BLOC1S6	PA
BLOC1S6	PLDN
PABPC1	PAB1
PABPC1	PABPC2
PABPN1	OPMD
PABPN1	PABP2
PCSK6	PACE4
ATP6V1E1	ATP6E
ATP6V1E1	ATP6V1E
PAFAH1B1	MDCR
PAFAH1B1	MDS
SERPINE1	PLANH1
SERPINE1	PAI1
SERPINB2	PLANH2
SERPINB2	PAI2
PAK3	MRX30
PAK3	MRX47
PANK1	PANK
REG3A	PAP
PRKN	PARK2
PAX3	WS1
PAX6	AN1
PAX6	AN2
PEBP1	PBP
KAT2B	PCAF
PCBD1	DCOH
PCBD1	PCBD
ATP6V0A1	VPP1
ATP6V0A1	ATP6N1
ATP6V0A1	ATP6N1A
PCBP3	PCBP3-OT1
PCBP3	PCBP3OT
PCDH11X	PCDH11
ATP6V0A4	ATP6N1B
ATP6V0A4	ATP6N2
ATP6V0A4	RTA1C
PCDHA10	CNRS8
PCDHA13	CNRS5
ATP6AP1	ATP6S1
ATP6AP1	ATP6IP1
ATP7A	MNK
ATP7B	WND
PCDHGC3	PCDH2
SERPINA5	PLANH3
SERPINA5	PCI
PCNX2	PCNXL2
CHMP1A	PRSM1
CHMP1A	PCOLN3
PCSK1	NEC1
PCSK2	NEC2
CDK16	PCTK1
CDK17	PCTK2
PCYT1A	PCYT1
PDCD1	SLEB2
PDCD10	CCM3
AIFM1	PDCD8
AIFM1	NAMSD
AIFM1	AUNX1
MRPS30	PDCD9
ALDH7A1	ATQ1
PDE1B	PDES1B
PDE4A	DPDE2
PDE4B	DPDE4
PDE4C	DPDE1
PDE4D	DPDE3
PDE6A	PDEA
PDE6B	PDEB
PDE6G	PDEG
PDGFB	SIS
PDGFRB	PDGFR
PDHA1	PDHA
PDHA2	PDHAL
SLC26A4	DFNB4
PDXK	C21orf97
PDXK	C21orf124
PDYN	SCA23
SERPINF1	PEDF
PER1	PER
GATB	PET112L
GATB	PET112
PEX1	ZWS1
PEX1	ZWS
ATRX	RAD54
ATRX	JMS
ATRX	MRX52
CFP	PFC
PFKFB1	PFRX
PFKM	PFKX
KIF1A	ATSV
KIF1A	C2orf20
KIF1A	SPG30
CDK14	PFTK1
PGAM1	PGAMA
PHEX	HYP
PHEX	HPDR
PHKA1	PHKA
PHKA2	PHK
PHKA2	PYK
PHTF1	PHTF
AVP	ARVP
SERPINA1	PI
SERPINI1	PI12
SERPINB13	PI13
SERPINA4	PI4
AVPR1A	AVPR1
SERPINB6	PI6
SERPINB6	DFNB91
SERPINE2	PI7
SERPINB8	PI8
INPP5J	PIB5PA
AVPR1B	AVPR3
AVPR2	DIR3
AVPR2	DIR
PIK3CB	PIK3C1
PI4KA	PIK4CA
PIM1	PIM
PIP4K2A	PIP5K2A
PITPNM1	PITPNM
PITX1	BFT
PITX2	IRID2
PITX2	IHG2
PITX2	RIEG
PITX2	RIEG1
PITX2	RGS
PITX3	ASMD
PKD2L1	PKD2L
PKD2L1	PKDL
PKHD1	TIGM1
PKM	PKM2
PLA2G1B	PLA2
PLA2G1B	PPLA2
PLA2G1B	PLA2A
PLA2G2A	PLA2B
PLA2G2A	PLA2L
PLA2G4A	PLA2G4
PLCL1	PLCE
PLCL2	PLCE2
PLCG1	PLC1
PLEC	EBS1
PLEC	PLEC1
SERPINF2	PLI
PLIN1	PLIN
PLK1	PLK
PLN	PLB
PLOD1	LLH
PLOD1	PLOD
PLP1	SPG2
PLP1	PLP
PLXNA1	PLXN1
PLXNA2	PLXN2
PLXNA3	PLXN4
PLXNA4	PLXNA4A
PLXNA4	PLXNA4B
PLXNB1	PLXN5
PLXNB3	PLXN6
PMM2	CDG1
PMP22	CMT1A
PMS1	PMSL1
PMS2	PMSL2
GIGYF1	PERQ1
EXOSC9	PMSCL1
EXOSC10	PMSCL2
PRRX1	PMX1
PHOX2B	PMX2B
PNMT	PENT
SEPTIN5	PNUTL1
SEPTIN5	SEPT5
SEPTIN4	PNUTL2
SEPTIN4	C17orf47
SEPTIN4	SEPT4
POLA1	POLA
POLA1	NSX
POLD1	POLD
B3GALNT1	B3GALT3
POLK	DINB1
POLR2A	POLR2
PON1	PON
B3GAT1	CD57
B3GAT1	LEU7
POU1F1	PIT1
POU2F1	OTF1
POU3F4	DFN3
POU4F1	BRN3A
POU4F2	BRN3B
POU4F3	DFNA15
POU4F3	DFNA52
POU4F3	DFNA42
SLC43A1	POV1
PPA1	PP
PPARA	PPAR
MED1	TRIP2
MED1	PPARGBP
MED1	PPARBP
PPARGC1A	PPARGC1
B4GALT1	GGTB2
PPEF1	PPEF
CTSA	GSL
CTSA	PPGB
PDP1	PPM2C
PPOX	VP
PPP1CA	PPP1A
PPP1R3A	PPP1R3
PPP1R3C	PPP1R5
PPP1R9B	PPP1R6
PPP1R9B	PPP1R9
ACAT1	ACAT
PPP2R2B	SCA12
PPP2R3A	PPP2R3
PTPA	PPP2R4
PPP3CA	CALN
PPP3CA	CALNA
PPT1	PPT
NPY4R	PPYR1
BACE1	BACE
PQBP1	RENS1
PQBP1	MRXS8
PQBP1	SHS
PQBP1	MRX55
PQBP1	MRX2
PQBP1	MRXS3
PRAME	MAPE
BACE2	AEPLC
PRDM1	BLIMP1
PRDX1	PAGA
SLC26A5	PRES
SRGN	PRG
SRGN	PRG1
PRG4	CACP
PRKAA2	PRKAA
PRKAR1A	PRKAR1
PRKAR1A	TSE1
PRKAR2B	PRKAR2
PRKCA	PKCA
PICK1	PRKCABP
PRKCB	PRKCB2
PRKCB	PKCB
PRKCB	PRKCB1
ZMYND8	PRKCBP1
OLIG2	PRKCBP2
OLIG2	BHLHB1
PRKCG	PKCG
PRKCG	SCA14
PRKCH	PRKCL
PKN1	PRKCL1
PRKD1	PRKCM
PRKDC	HYRC
PRKDC	HYRC1
PRKG1	PRKGR1B
PRKG1	PRKG1B
ADGRB1	BAI1
EIF2AK2	PRKR
DNAJC3	PRKRI
ADGRB2	BAI2
ADGRB3	BAI3
PROM1	PROML1
PROM1	MCDR2
PROM1	STGD4
PROS1	PROS
PLPBP	PROSC
MAGI1	BAIAP1
PRPH	NEF4
PRPS1	DFN2
LGMN	PRSC1
PRSS1	TRY1
HTRA1	PRSS11
LONP1	PRSS15
BAK1	CDN1
TMPRSS15	PRSS7
PSAP	SAP1
PSAP	GLBA
PSAP	SAP2
SLC33A1	ACATN
SLC33A1	SPG42
CYTH4	PSCD4
PSEN1	AD3
PSEN2	AD4
NKX3-2	BAPX1
PSG2	PSBG2
PSG9	PSG11
PSIP1	PSIP2
PSMB8	LMP7
PSMB9	LMP2
PSMD3	TSTA2
PSPH	PSP
PTBP1	PTB
TAS2R38	PTC
PTCH1	NBCCS
PTCH1	PTCH
PTEN	BZS
PTEN	MHAM
PTGES	MGST1L1
PTH1R	PTHR
PTH1R	PTHR1
PTH2R	PTHR2
BAZ1B	WBSCR9
BAZ1B	WBSCR10
PTK2B	FAK2
HACD1	PTPLA
BBOX1	BBOX
PTPN1	PTP1B
PTPN11	NS1
PTPN2	PTPT
PTPN22	PTPN8
SIRPA	PTPNS1
PTPRB	PTPB
PTPRC	CD45
BBS2	BBS
PTPRF	LAR
PTPRG	PTPG
PTPRM	PTPRL1
PTPRQ	DFNB84
PTPRZ1	PTPZ
PTPRZ1	PTPRZ
CAVIN1	PTRF
PTTG1	TUTR1
PTX3	TNFAIP5
IGDCC3	PUNC
PVR	PVS
NECTIN1	HVEC
NECTIN1	ED4
NECTIN1	PVRL1
NECTIN2	HVEB
NECTIN2	PVRL2
PEX19	PXF
PEX2	PXMP3
PEX5	PXR1
ALDH18A1	GSAS
ALDH18A1	PYCS
ALDH18A1	SPG9
QSOX1	QSCN6
RAB1A	RAB1
BCAT1	BCT1
RAB2A	RAB2
RGL2	RAB2L
BCAT2	BCT2
RAB3D	GOV
RAB5A	RAB5
RAB6A	RAB6
KIF20A	RAB6KIFL
RAB7A	RAB7
RAB7A	CMT2B
RAB9A	RAB9
RABIF	RASGRF3
RAD51	RAD51A
RAD51	RECA
RAD51B	RAD51L1
RAD51D	RAD51L3
BCHE	CHE1
BCHE	CHE2
MOK	RAGE
RAI1	SMCR
GPRC5A	RAI3
RALA	RAL
RANBP2	ANE1
RGPD8	RANBP2L1
IPO8	RANBP8
RANGAP1	SD
BCKDHA	OVD1A
PLAAT4	RARRES3
RARS1	RARS
RASA1	RASA
RASGRF1	GRF1
RB1	OSRC
ARID4A	RBBP1
KDM5A	RBBP2
KDM5A	JARID1A
RBBP8	SCKL2
ASIC2	ACCN
ASIC2	ACCN1
RBM8A	RBM8
RBFOX2	RBM9
BCL2A1	HBPA1
RCN1	RCN
OPN1LW	RCP
OPN1LW	CBP
RCVRN	RCV1
RDH5	RDH1
PRPH2	RP7
PRPH2	RDS
RDX	DFNB24
REG1A	REG
RELA	NFKB3
UPF1	RENT1
DPF2	REQ
RERE	ATN1L
REST	DFNA27
RET	HSCR1
RET	MEN2A
RET	MTC1
RET	MEN2B
BCL3	D19S37
BCL3	BCL4
RGS2	G0S8
